x1,x2,label
-0.14392321224814353,0.7458266211061018,0
-3.67617445361507,-5.195477975281825,0
-1.7280344036209154,0.30631402471939584,0
-0.17770405703136083,-1.3910319385324952,0
-5.018824390643826,-4.949341923565777,0
-0.7285237384015475,2.7655945507054787,0
-1.4121026246553354,-2.21761720446817,0
-4.1970277727797844,-2.9468741787716386,0
-5.725094356888572,-9.045230655699964,0
-5.5898949793746,-4.103875591274446,0
-3.480563629973997,-1.9060162403415526,0
-3.707137428060152,-6.47106299803416,0
-5.353834598763681,-8.471359105039962,0
-0.19956794556373803,-0.7231432928119315,0
-6.996041210376203,-7.612554469882974,0
-4.360672254964946,-1.4965150471558195,0
-1.1500315054164545,-3.506904931277806,0
-3.4378263796319812,-0.6962427120204269,0
-5.089117209696867,-1.2278006915843473,0
-4.005263721699991,-5.294881594486957,0
-2.260991970681512,-3.9674282069652707,0
-5.984422556088906,2.973745945962608,0
-6.138811636989691,-4.416615658976344,0
-3.1761105190124947,-0.03694238645033732,0
-7.339989310490617,-3.576746731775075,0
-5.619878558238048,-8.57805713443309,0
0.4854643575847972,-1.5221112733424764,0
-1.2127369190441777,-0.5658321905233978,0
-3.805187491994724,0.34000958953031235,0
-7.252532097631786,-7.265455285789864,0
-8.860376964738581,-5.884107710258174,0
0.017025848250943554,-4.00140483980018,0
-1.8679857432034934,-3.15723000536044,0
-3.5509889024369157,-3.3725323286874174,0
-3.664596510460734,-2.617227027702405,0
-0.7000787796801995,0.12264177545921484,0
-2.216970597710712,-1.8170061979833385,0
-3.9164337230457003,-6.365233269487758,0
-2.2524740369627634,-2.4895425050204922,0
-2.7498891169820974,-0.9502301247161831,0
-0.8337622600802979,-1.944563058964976,0
-2.504627971630274,-0.32051714875267123,0
-2.3589068804102915,-1.4388160986431795,0
-7.342992489492964,-7.4926293301941325,0
-7.157997359751911,-3.8152891915656535,0
-5.280068838186681,-5.313671470142161,0
-3.148418004865607,-5.723175191136297,0
-0.6510952913611696,-1.860445654625008,0
-7.197576497664356,-8.822745526174888,0
-0.105784754128881,-2.1936267146268484,0
-4.3943985469499935,-4.109155761612227,0
-6.101326613866886,-4.758807281712176,0
0.8939233027359008,-0.7206322372848422,0
-5.849669648202631,-6.25626613735624,0
-5.505855086695519,-5.805216982526153,0
-0.5329936698155096,-1.1395152251489227,0
-0.2698220891436822,-1.4009276139485307,0
-3.960888628676086,-2.937678447938045,0
0.5731439035360508,0.5384078885178534,0
-1.0398725296585407,-2.336702147576166,0
-2.746239955261017,-3.847143700639441,0
-7.278616387013477,-4.902492634511356,0
-5.147738207496701,-6.1375585984773045,0
-0.9298171062441627,-0.7657572474679322,0
-2.054987670254504,-3.272633995101234,0
-0.32945988449650176,-0.4124958230326454,0
-2.7848202786425196,-1.4081262045664806,0
-5.588022148871222,-3.3864225380257875,0
-0.5851878499267542,0.21692876546051032,0
-0.15292301875053216,-2.593751440372702,0
-3.11032124300883,-0.9729112827395943,0
-3.732925512104708,-0.6020161921864835,0
-3.833239193112062,-4.621420151073216,0
-6.039343916340847,-5.148550372112275,0
-2.7735364499580495,0.94406882120298,0
-3.5990084791284955,-3.5614160951575116,0
-2.266509060726892,0.09256747448858382,0
-4.785901198965377,-3.5274248383748947,0
-2.699225987074652,-1.031024843254516,0
-4.370098939251555,-5.7076554168138,0
-0.4128867835653054,0.7498593351125411,0
0.36609495367259104,0.6701265093481483,0
-3.2185947538804855,-0.7812643323026438,0
-3.2288473277028262,-1.0143013836952184,0
-2.8501837327914883,-0.8502017226722667,0
-6.539016610519779,-8.67511088725226,0
-6.401794141558588,-0.904229309738457,0
-3.210685413726548,-3.087108873267251,0
-4.804218110558661,-4.722056382369153,0
-0.31481399802449594,1.94976075165338,0
1.8955204599662947,1.0619371576896093,0
-5.343343624255089,-6.05642848154066,0
-2.328111392262982,-0.5695835819298614,0
0.1253762396088849,-2.319075199575023,0
-3.430908638396918,-3.7967552352220997,0
-0.8560149148797609,0.417890165109978,0
-3.6788708441711733,-4.398380877382436,0
-2.818954572292391,-1.8781690882740782,0
-5.378935842249456,-5.944522262468105,0
-5.029128191537706,-3.898727757368507,0
-5.005500078352042,-4.92688168086511,0
-0.49747897974021393,-1.4224772861401531,0
-5.585108034190755,-1.9481792774275692,0
-2.722486663616686,-1.1129117765618886,0
-2.3769122317155933,-2.1559747199433223,0
-7.152822725656031,-5.624237562815162,0
0.34810457808142203,-0.7968454695417608,0
-5.950874363585552,-5.667118278328559,0
0.3878370477137816,-1.2500678422336617,0
-5.567469619730602,-3.5786490572953413,0
-5.515239468808996,-0.5646118669367919,0
-4.599379638871021,-5.086341778136822,0
-0.20114152215311165,-2.1509101314311954,0
-3.261247828783442,-4.238801918610255,0
-8.208916613740481,-5.276293007904761,0
-3.2365836615280044,-5.594576007441795,0
-2.7525504309556554,-0.24119537947345426,0
-2.863087435345198,-0.6188039675061496,0
-4.112964519106992,-4.009528749480616,0
-1.3341742099342084,-1.5226618969837125,0
-4.456604617195206,-2.3915268205929623,0
-0.7566181443652034,-1.2822518294174348,0
-3.762905927651195,-2.4375492122788653,0
0.3479578067224569,-2.285181779051974,0
-2.989082778742927,-6.024981008636333,0
-5.717375894433591,-6.029228089399405,0
0.9408049166629762,-0.020035522144013385,0
-3.315045127864524,-4.3804473029744795,0
-3.784866245648774,-2.304709514238201,0
-1.6108309892136679,-3.4849463421459355,0
-3.746291594151205,-0.916611321232685,0
-4.7479922486839055,-8.787844596568455,0
-5.689760286336966,-5.189464854266253,0
-4.5155998202774015,-5.61657634081266,0
0.3694686207302067,1.5384461980251292,0
0.4923815529945883,-2.2842033099751173,0
-0.6528786695749633,0.548948895255704,0
-4.094291215545939,-2.529359171796591,0
-4.075164186533078,-4.917031315700609,0
-2.330978769410116,-3.3538538269751954,0
-1.562438064335561,-3.4969475402976933,0
-4.948270174230775,-2.798028676267261,0
-2.455267399409553,0.1072718913931312,0
-3.494920759437994,-3.0127628066263674,0
2.6073022383779563,-1.0072223807535132,0
-4.111986108477397,-2.5325218592133814,0
-3.1688415898290088,0.17134621133716932,0
-3.7350255458346995,-5.551708049250669,0
-5.545908850270312,-0.5920505828234877,0
-0.7498123622607245,0.3067275155694853,0
-2.9852175316613536,-1.5714249498243296,0
-5.4474729305505605,-6.219947107973294,0
-7.723167294667916,-3.280760506123993,0
-3.933083505386838,-2.3633061303984673,0
-1.6989936101693572,-1.660474992106933,0
-3.401878408431888,-1.8080065571146964,0
-5.584082434093196,-5.8033921323281135,0
-7.959332376467119,-4.899237493343859,0
-4.377596005028679,-5.409649068472135,0
-0.8195278204862775,-2.4442905298663558,0
-3.9106316474995038,-6.3341680624782315,0
-3.4323456564995896,-5.594564352147815,0
-4.8587246893034015,-4.8242855238422795,0
-7.123561060054903,-4.84065190341236,0
-7.6697225316845765,-4.74808509510635,0
-2.162375242037993,-4.479961374887202,0
1.4403616281758254,-2.7333354304560507,0
-0.6456731892654677,-0.5080258738561709,0
-1.5684396033731267,-1.92871081219283,0
-3.7976799134122574,-4.405810429543773,0
-0.43828087559698536,-0.5447482107238506,0
-0.7201276974599802,-1.2617006914181068,0
-5.732035266974478,-6.273045875166826,0
-8.391617461490238,-5.528345487614297,0
-0.5935101838749919,-2.815757716706544,0
-4.035813084842806,-1.7291575580490275,0
-2.811990109982567,-0.9958095134582892,0
-4.9281283120747945,-6.4761796128000055,0
-2.200965842451014,-0.7756417781970009,0
-2.653479916671647,-4.025602969759005,0
-2.1419810249308453,-2.283020130385684,0
-0.2665222373909417,1.2647639755744473,0
0.8541044985643027,-4.713327949031895,0
-2.205051633277813,-3.6881941510648284,0
-6.190876202979039,-7.361766244818974,0
-1.0535274939487247,-0.03766215402469397,0
-0.743738588321992,-2.302650990826457,0
-3.0988124187359496,-5.179747034515081,0
-1.4674350405405658,1.9845609636481072,0
-4.03158928515599,-4.56000785514472,0
-3.498089080850605,-2.4863603646182932,0
-4.420473411066873,-5.932423993696896,0
-3.312024345574419,-4.325432697994896,0
-2.7381179582621673,-2.4167322233323585,0
-3.7206331549640983,-2.2494993583589546,0
-2.5809894477367608,-5.597327866481116,0
0.4059016771843944,-0.33353169233419244,0
-6.237338559691711,-7.940522224694915,0
-1.998053839890164,-3.070745893803208,0
-1.9393588385321059,-1.5828793507219951,0
-6.588201610791064,-5.676264811029885,0
-3.9564796590264666,1.549979362579947,0
-2.5984741068980757,-3.752916019662302,0
-5.6884728666162845,-6.62661410250392,0
-5.8477451822978885,-7.58903076423122,0
-6.398692823800339,-5.996597495236948,0
-7.788646263527063,-3.985114846123973,0
-1.743184927340945,0.8083587141756987,0
1.1975892593083,-0.8967794511881579,0
-1.7071584703155875,-0.6998851979598659,0
-2.9066896610002777,-3.2409618293259497,0
-3.918281613896121,-2.7357024353091752,0
-5.5884150665847,-3.4000813953544378,0
-7.04835919032262,-7.091083935205572,0
-2.4483457875356454,-1.2212735291652697,0
0.23733568486083412,-1.1200725793623896,0
-5.110555356734647,-5.3588121063700545,0
1.1914035321563334,-1.7882025985740162,0
-4.250830343730626,-1.9670372697946061,0
-5.634385577172925,-5.41262457138725,0
-7.387237655798094,-7.596878387679018,0
-0.12271746486380009,-5.257589284341799,0
-2.8516810699692337,-1.1476510001522449,0
-5.666889229732462,-7.327358497067029,0
-5.080506663380161,-2.9867485987335853,0
-0.741781734921032,-5.308342649975493,0
-4.314387873264815,-2.7915266251430286,0
-0.627343472424692,-1.135652534173467,0
2.1539152465122298,-2.9863798506484764,0
-5.292703144147534,-5.300200211751237,0
-7.4298320904902715,-5.715187706677915,0
-2.1247822345176486,-2.291143554726466,0
-5.232894549841311,-3.2991277163298234,0
-4.827106609971355,-2.6159203193923863,0
-1.3394849912112106,-3.3337720847825834,0
-3.060266994202476,-2.649897212730109,0
1.0234369041557105,-1.6500072641375347,0
-3.594029319746035,-4.406743022486881,0
-2.26947579578881,-2.9888611271904573,0
-7.661928143385022,-5.13840582259502,0
0.29960017621823143,-0.7659862499426637,0
-5.502603561448199,-4.298731087241714,0
-1.7696969730577388,-4.04489738298621,0
-0.9570264918885383,-1.9905616269811184,0
-5.323105308461631,-1.915650999067156,0
-0.43805385505749017,-2.490124350167971,0
-3.788932236889572,-1.725454275861454,0
-1.218305481711446,1.6889628200384479,0
-1.8810061777341074,-3.349646182360855,0
-0.12838875135353423,1.2846527954877196,0
-2.7879550544045464,-2.446544088895533,0
-0.6666276779176314,-1.30481974641968,0
-1.811378151196027,-2.0125643619524425,0
0.03134547695665901,-3.0370164444177847,0
-7.737706659736562,-10.464515154411586,0
-1.6337268462290815,-5.177782503077166,0
1.3677073307172272,1.563360314421761,0
-4.65139677012497,-2.1283987885202027,0
-3.7436031779606287,-4.0432246154522105,0
-2.3756413710538076,0.6223827654132887,0
-3.830645049405259,-6.323304004902108,0
-3.2289417084848036,-2.94083724543181,0
-2.998945412965149,-1.45524444135156,0
-4.669326138680655,-5.050297534290866,0
-3.8709157362748696,-0.8729988109398068,0
-5.158251565285957,-5.013530785469186,0
0.2990220546350755,0.9870222672451461,0
-1.8064404531261236,-7.3154837099228684,0
-3.1465052210987396,-3.9798891946902106,0
-1.5987738637452211,-3.4135357692718626,0
-4.06063024930133,-1.2766470969386678,0
-2.9673961703878313,-1.036249052801464,0
-1.9557447748609682,-0.43823238954889154,0
-3.3557274345208885,-2.6516777769423276,0
-3.6576203993356553,-2.374369934453238,0
4.1611201751742675,1.3214695482591257,0
-1.88908199174056,-5.9761586995330305,0
-1.7592454162101758,-1.8679270982834757,0
-0.4566609547077589,-1.8397837600953069,0
-4.616571216802195,-2.597981305242577,0
-0.2817838343342669,-1.4319002267090084,0
1.0565289975292114,-3.7862305062253467,0
-4.251594942191638,-2.3821594505346537,0
-4.402516943980986,-6.144049696862463,0
-0.22272362379681576,-0.17951252861344758,0
-5.009162783424859,-4.69946188680409,0
-4.788735759755788,-2.5050739042833206,0
-1.1272703222318174,-1.5672104955778778,0
-6.458277917596252,-6.8519001637915045,0
0.5032077025498851,-0.8355044899507051,0
-1.2593286632499339,-0.5450034918473929,0
-1.267635848599487,-0.7255673428769986,0
0.7692704029283588,-3.4774866738680976,0
-3.8340863684849715,-3.5371590053911937,0
-3.48475445264152,-4.830728890972033,0
-1.6583524200935698,-0.8554187031304794,0
-6.407799032838273,-6.385463013825617,0
-3.6278134525689865,-4.2709888214204,0
-0.5157666401010226,1.4190921982070916,0
-5.742050015500599,-4.32050196515021,0
-0.19021373140889578,1.0038984680681855,1
-3.6186708196082904,-0.37835344969487494,1
-2.2742327925583896,-2.1465903424911117,1
2.7696849132425494,3.0810015085860307,1
-1.2827542739272284,0.13530527670937992,1
-2.9322437195739828,-3.1225447436875404,1
-2.9386631562377943,-6.457237196318947,1
-0.1391565404522132,-1.7361973248202691,1
4.466452415786405,4.062903663188086,1
3.4197651066588763,3.0969093105932415,1
-1.1962878116017095,1.0407950070701892,1
2.4626176775545736,4.2795080088461175,1
-1.248163707699002,0.8095345995201871,1
2.2976695634984567,-0.3668196100284345,1
4.014218709645984,1.4306038023117513,1
-2.5453469487567637,0.4084970956726356,1
0.634134719335574,1.8924053158511405,1
3.2261987525961335,3.58684125095073,1
-0.04682668206805861,-2.9430762326217947,1
-0.2600198443581406,1.1718144366129897,1
5.224657535896924,7.895563659300406,1
-1.5075787744494265,-0.07412347901474066,1
2.6455908454695627,-0.7998541176611483,1
-1.1116107491726925,-1.2767914000057163,1
-1.1594193266739872,1.01579464372392,1
-3.6252640422432068,0.2172107919360193,1
0.3471839234041624,-1.0352409521780719,1
0.005649505255476897,0.8369762503326892,1
-0.8044902804158854,-3.738558183293322,1
-1.6286323449447246,1.5904509691320137,1
-0.393888490508991,1.4681352192292176,1
-2.05850491827657,-0.14678370522660944,1
2.6160812865800755,1.0052779464489137,1
1.4868924584223324,-1.5775511160582905,1
0.35028167516002884,0.8560349901913628,1
-4.393284721476109,-3.5878483429364643,1
-2.5625292093905094,-0.2335775152904975,1
2.3221226061513787,1.9919572814094064,1
-5.3442652063729446,-5.502509651141961,1
-3.460152923621113,-1.5326771692748975,1
2.994683466839649,3.615642020851514,1
-0.6580961112175802,0.001821464463289364,1
2.8031662794059056,0.5693272555815867,1
1.1621857151005028,0.9665957209320966,1
-4.467016596839951,-0.8323949573887357,1
-3.983072932166668,-2.262702510602978,1
2.6546692740313476,1.836876924052356,1
0.16303011463252795,-1.1018479615198218,1
-2.0111571843039093,-0.5701849677953331,1
-2.224315640111584,-0.17404643099642092,1
1.0898987416192756,2.955556149803671,1
2.4964464673500832,0.614574562064312,1
-2.4057214101641295,0.02602571423383209,1
-1.1120353532459697,-1.0704273057008808,1
-0.8299519567118984,-0.557098120577338,1
3.7603228880304616,1.27508259814063,1
0.0964031891195465,0.256116860658154,1
-0.7014415820269146,0.6507616452729119,1
-0.08115859699296406,1.0447997668167477,1
-1.5000531216475828,2.146664802425349,1
-2.521203991203353,2.1602412318480013,1
-0.5734446759588163,-1.0007990171352474,1
3.4541153911989424,0.5683382430835543,1
3.0965386528414753,1.337326034513495,1
-0.3566790334592943,-1.4090097755796689,1
-1.6999599587222183,0.863996766031154,1
-1.8828112552190663,2.275502141714542,1
2.7797768291040432,2.4786097323541862,1
0.26943375228129207,2.1424469643953072,1
6.45144163011154,3.5652110517559152,1
-1.3113429288405394,1.7914125131784469,1
0.8465497611935886,-1.8565451473348789,1
1.0039561788022056,4.349935584492109,1
2.331863005748813,0.44593626084928417,1
-4.314602479250524,-2.2924084680765415,1
-1.8988420894678715,-3.798925849999504,1
3.277073396813796,3.543406375539206,1
-1.113966618294185,-0.38476301088452103,1
-1.5715526733287346,-5.039086853345229,1
-0.8257115304746556,-3.0189616187692905,1
-1.4385256436710574,-2.3884390527138115,1
2.42999897432797,1.2101935604295648,1
3.1920537380700464,3.2729116177369795,1
0.9414519950217554,2.5140484568223114,1
-3.1193659595045076,0.2569481463010747,1
-1.3398109223043575,-0.2984553881442098,1
-2.5030556585049597,-3.7583810505583513,1
3.1277524728162565,3.5279405910730426,1
0.7271664713043725,5.635043817155151,1
-5.418569455524941,-1.0906167889217788,1
-0.6902092785096978,0.41093790889349796,1
0.1444934942504392,1.910343105423943,1
5.261130441209383,0.17494406225982473,1
3.2235561713247205,0.3126092200900884,1
-5.120422102897434,-1.4890671927368007,1
1.8453291660052018,4.428760381047679,1
-0.5575848111613627,-3.6971381805991146,1
1.4528284506986195,0.2925010064495799,1
-0.4437892072824586,-2.9013479090924856,1
0.9070204160381106,-0.4648485918611254,1
-0.8416310309114454,-1.2752150942873035,1
1.4101423543075287,0.9835492030433722,1
-4.135830543212343,-4.969629815451119,1
1.7443248638585895,2.911192002170519,1
1.7361648481443888,-1.0943030135885565,1
-4.637298551467723,-5.342256442641017,1
0.6851064337702111,1.0047771375864056,1
-2.1889133784442842,-5.548404031482274,1
-2.704395281925975,1.4701490416612804,1
0.9474878985157579,-1.5231800600912013,1
1.1758948705351708,1.5896599300487513,1
-2.636432175677566,-3.3151038645096866,1
-0.41308078573441465,-3.283818439828192,1
3.7110531034646574,2.745451726094757,1
-3.2844046152195223,-3.1466553361919827,1
-0.9261171295009736,-0.3699579383539189,1
-1.8700437577114792,-3.0904851427871862,1
-0.7081696266253752,-2.3699349543356347,1
-3.634341372258681,-5.235123580852059,1
1.4234126508144114,2.52275227779051,1
-0.5052647627616912,0.1484400497601775,1
0.58210309986313,-1.5986812977517473,1
-4.501122443417098,-2.714038031638878,1
-2.510373579942874,-3.567035358163721,1
-1.1287434224469877,-0.734006497977605,1
-3.6825386828144753,-1.3620424191552367,1
1.086276413317989,-1.9496258503685142,1
-4.535432390183767,-3.4234575228034876,1
0.9539644463127522,1.7670487228461413,1
2.323554827230171,4.4342609621722575,1
3.5105639615413065,3.06889497746714,1
-1.5854564787023993,0.492222945261788,1
-0.8732040127605303,0.3967217344645702,1
0.09516907295349622,0.030797171064930864,1
-0.002075021456185836,-0.380190863160935,1
4.539609206055062,3.0029622186618044,1
-0.29821218041874903,-0.7964541873961866,1
0.6717533687093097,0.025046029831878796,1
2.424164172384199,1.4379652504316103,1
0.6809534975658881,0.6912397786495866,1
-0.6990704282248662,-1.060171009996344,1
3.70046118503696,0.9042971051993928,1
-4.678231132713657,-6.937861193242781,1
0.6426804551441397,1.6766810601720097,1
-1.3277745459524457,-0.28604316082930037,1
0.7513873916338981,1.2285035329129923,1
0.17496276430979302,-0.4492999707727814,1
-1.604118411692092,0.5066126818093214,1
0.0651883623606447,0.03409405507349548,1
-3.3498410447180373,-1.42712032508041,1
-1.7855593195538548,-5.298019788513007,1
-2.6254880667080176,-1.4223279759036582,1
1.7287910478131387,2.2319668838108275,1
-1.5212207581298716,-3.1795386031006707,1
-1.8609533513134398,-0.11824599985140463,1
2.537158239497642,2.252586854607345,1
0.1231457562927633,-1.469117254793146,1
2.10089091767235,1.8308017139468005,1
-2.436254901652452,-1.1487868992682317,1
1.2740095340285922,2.578345304259964,1
3.4793879625977056,0.2590483666108362,1
-0.30201138922210247,1.9439273539493684,1
-1.4652005777732122,-1.4683441925196001,1
1.321543924022959,0.5420196517900961,1
0.8251870414151731,-1.3116879302764843,1
0.9939611486968546,0.5628222259773167,1
3.8595425826588388,2.1826460808636874,1
-0.9274329309298752,-0.9084092510478864,1
1.601839791500964,-0.221015083574964,1
-2.6879641856468584,-4.363922615005494,1
-0.0747095316134524,-1.0504477077610428,1
-0.5387327064552972,0.37648677742544734,1
3.0706031242393257,3.0573706359323487,1
-4.424052095367423,-0.9010483083834155,1
0.24903887500640387,0.33240128944022124,1
-6.079615254442713,-3.8097666912443144,1
1.999273709202469,0.7613068074302226,1
-1.1278724903514397,-3.1499467504429006,1
-2.7665309206896946,-2.097930993187677,1
-0.9009250182476085,-1.4143926252077148,1
-0.0536617546578494,2.8703239070787907,1
0.9626564084748686,0.14078625532714487,1
-0.013830201421174566,0.37221406401471113,1
2.8698665504664334,1.7401235620526092,1
0.5366814249222712,2.2272420341359673,1
3.7368403853260856,0.2253046698099775,1
5.868937295504114,2.9281770261526776,1
-3.0606985750153264,-3.028285376047222,1
-1.6573147588819275,-0.5843393046392686,1
-0.05084976411622075,-0.20041235741883714,1
-2.481628015681166,-2.189636187055885,1
-3.7493070160714628,-2.5076471254917294,1
1.8785684876195654,0.8843004398796924,1
0.40911273651978136,2.844208780421212,1
1.704194261936957,0.10724866833769169,1
-0.61787833129879,-0.8122125440437961,1
-2.548489122042911,1.231138685744776,1
-2.0686989446293547,-2.014677836025541,1
3.6492929253935746,2.649367930976302,1
-0.4189063807657681,-2.7609884600894,1
-4.801771683038089,-4.77293855776699,1
0.5574168651499304,-0.7758735207660252,1
0.04726241538096839,-2.2687411976634952,1
-6.15819829786839,-3.523495688564366,1
-0.8105247556821819,-3.5913827672617997,1
-1.6684044342380846,0.7497683617899247,1
-0.32411488615229045,-2.32833309541984,1
1.9055899666242586,1.001717690612277,1
-0.17945081759851356,2.878106853822101,1
3.639596824420205,4.951435103737876,1
3.8509296813434823,1.9284267064413452,1
5.042954856126842,3.9448459938091087,1
-3.6429229110669845,-3.113274426137427,1
1.6624702063324779,3.6967655550911016,1
-2.857326515363985,-2.6492335532858124,1
-5.371401559414276,-3.728273310165046,1
-0.7230787041506082,-2.3298361184831875,1
-1.6196969404342358,-1.1861143852252487,1
-0.47778736750700496,-1.8469586057896659,1
0.5304236869463791,-1.103299313483537,1
3.8028287636175384,5.799437900774303,1
3.2522574269220317,3.4666303564868626,1
-1.0711784139632923,-0.41805238223718233,1
0.3617725762933801,0.9041955268533266,1
-1.7880791989554945,-0.3181495674515245,1
-4.110286821369701,-3.6418985183732886,1
0.7635113940101638,-1.0499465366900242,1
-1.6421887179206272,-0.3074225116394897,1
-0.11460951184064942,0.9746154965274245,1
-0.016906558793110055,1.3250787453847375,1
-2.9392686773246024,-1.1420129438636304,1
0.7764602276024474,-1.3034760756316552,1
0.7731218581417902,1.9634365059112464,1
-5.134990008241065,-5.816431551305226,1
-0.4632314781021645,-1.5753365930609708,1
2.854172382362897,1.5015406552081716,1
3.303113838237782,6.009983964053282,1
5.250551074596507,4.72289461379524,1
3.5187542755536847,1.7499938448292744,1
-3.2790652297758665,-2.8769312497130812,1
2.748208569644001,1.5691743046509785,1
1.7552137164868857,1.6681223723291239,1
-2.2821723331583064,1.5089772132988137,1
4.319791092863743,4.250166463347836,1
-0.24091771570683762,1.6521793397267266,1
-1.3837596400103869,-0.20303522378049563,1
0.16035495525767743,-1.7036272953094014,1
-3.506976893574079,-1.90996708434274,1
-3.3112370202299144,-0.7831366792155839,1
-2.4149423216843413,0.5470424865506447,1
-0.6253691654842326,-1.0634863415334497,1
0.03861056089424348,-0.009076975377989453,1
-0.470494545252278,2.793283151488163,1
-0.7572750545172537,-0.5677981028514402,1
-3.8480621446657346,2.1116468888085596,1
3.3756507292059066,1.6855737057733542,1
3.319649881213018,2.854451404342045,1
-0.08367341066883009,-1.0143184473509845,1
1.0644609433175334,1.3492706765737976,1
0.8125714011709224,1.4329230555365984,1
-3.1685342119823408,-1.8144732723807273,1
-3.0559241448527334,-0.8840873218392935,1
-0.47378196593351357,-0.7910640180197156,1
2.11798852596351,1.3356321986920674,1
0.43932412327781206,1.9026687765196346,1
-1.4721872281979558,-0.07867150276935282,1
1.1628426027972516,4.026341571279409,1
2.0547737778218975,-0.14525950632742826,1
-1.5016452135204186,3.4658867716545974,1
1.192057740969281,0.5418647980274296,1
0.5781795081152982,0.2809387412523873,1
1.604220522714573,1.890646689126833,1
-2.7193926464628198,-2.0908140155054045,1
2.828987047512949,2.140295237645531,1
1.1803132898461675,1.2861922263157692,1
-2.8260975823706818,-3.1238631744124463,1
-1.580524539477655,1.9747650981612035,1
-2.533337441776982,-1.385174877563911,1
-4.868326655500251,-3.8887041459122234,1
3.609343970729755,5.274675486490475,1
3.107833762289413,4.011844499454307,1
4.29890253815635,3.3651917173565096,1
1.5835660446022102,0.043327830138703276,1
-0.25250494055446315,1.8126185001666413,1
1.0513063648121568,2.141588123833238,1
2.348757813002226,1.9697586602179666,1
0.2724018033267219,-1.720655029910397,1
2.441217904884867,3.4249742060426422,1
-2.4322190976359064,-2.5903491366106497,1
0.8669073583604132,1.1782581337371867,1
-0.36695941045680835,0.11884567096569458,1
6.722432199248203,4.584223616916274,1
1.7391243438745574,2.0408596008976816,1
-1.0518160719772183,0.2205449053908539,1
0.7247647693894959,-1.8767053713851753,1
-4.507518992098648,-1.9636823852539147,1
2.480709375232042,3.1461199639804063,1
1.1925454116638579,1.4702733900649538,1
-4.485377652999493,-0.22516912035757516,1
-1.9748427537890556,-1.384973283568783,1
3.5777283615195734,3.941998103541926,2
0.004166369383883151,-0.0852511441352859,2
6.601097989652542,3.3617182586192893,2
1.605501967131641,2.1000782183871203,2
3.41828045692991,5.470308708344505,2
4.077765831932247,3.8084776482826563,2
3.3882148769784073,2.6863093927022312,2
1.3210745335335012,3.6241048253995034,2
5.066147048781774,6.043187325729791,2
2.4612776822993645,2.768805341388777,2
1.001198850730309,1.0997937011646273,2
1.210310096023151,2.642039355165446,2
3.828611412722541,4.426978334350137,2
3.693459917357385,3.428096357917594,2
3.249070771357175,4.191231579550948,2
2.42289284631532,3.211980914948669,2
4.643291026691751,1.4350490017511008,2
2.866320134097736,2.99339604441137,2
3.0512681871453378,1.8638097997738543,2
5.04854490661222,6.297758196400775,2
3.440558811815045,3.7830469071850366,2
3.6354256973563452,3.6233020458091554,2
4.972716168432941,3.0365489901252833,2
2.543823891653532,1.3375837152012924,2
2.222933121805368,3.0438535656095236,2
5.516038756522727,3.1082674877767564,2
-1.8971204758643063,-2.9526642277551556,2
-0.33346669454208167,3.545460404598167,2
1.5341553909085506,0.9332697732534481,2
3.9826840246715767,2.31746958519388,2
0.46219614574512224,1.5947375618624995,2
5.192465906112655,3.108116291915765,2
4.967854447777938,6.940882455386339,2
2.5158529646582664,2.9458220373237696,2
6.303672172722678,3.3766659661138654,2
0.8054915738834865,0.8895696478779485,2
1.3572947550828116,0.5854285020516841,2
2.8162426186946585,4.242838971935923,2
0.5648542880240424,2.1599855333959512,2
3.0455428313298816,4.274637306631617,2
0.62475021306691,0.41520618970384193,2
2.805447283737159,5.49094249037069,2
3.8339086506909608,5.092861644919914,2
4.972201874209571,1.2890706412404502,2
3.2342405756622776,-2.2814666834324573,2
6.909315153854584,7.963975312815925,2
2.4590128286509723,1.1838531128959013,2
5.200889803283836,0.1380297117278264,2
1.1694293159656557,1.6688802900728503,2
3.0812190406036475,3.1229020048791916,2
1.9259516553445832,1.8681486083488619,2
4.9941832631920295,9.386847732237072,2
1.5998724022753608,-0.9700169216342949,2
4.007784499067709,3.5357161187556274,2
2.7468879671095445,-1.5716499035299902,2
5.876452843936702,2.3551799572616945,2
4.109993846557436,3.164992060387627,2
3.42667304693799,2.2169242489196233,2
4.059682664078495,5.29899604760479,2
1.4319225009579963,2.534719186514481,2
3.9672992097885773,2.823822045338199,2
2.764600159024563,3.766924299161467,2
7.47331545304386,8.261539313785574,2
2.2465950925926004,2.3708969047640545,2
5.8999943471905825,0.7677555753257552,2
2.1941030853402346,5.772980507494981,2
3.2784416647861696,2.6638619874367335,2
2.6074237287915927,3.3169694660476097,2
1.7557133110792547,1.2979529847633717,2
0.3732000813141818,3.726501686836901,2
-1.5903454058020365,3.090255025911923,2
2.7923936593793197,6.14477267438335,2
4.41443386014365,5.121566153624576,2
1.8729098806049698,0.8513554967960255,2
1.8928447935240251,3.7137669984277073,2
2.9188305515176203,6.257597470612914,2
4.156360731578735,8.035743617035502,2
0.8506922712687728,0.6712411186132168,2
4.4074217554946,3.3933652299125523,2
3.3521441442116187,3.2551524211139657,2
-1.7754253150014243,2.161882885767744,2
3.3998014320585286,1.70854445607972,2
4.403371308565626,4.037189739343058,2
6.482364454676165,4.124481650461407,2
-1.9919325302769808,-1.3867054783844708,2
4.046338750858963,5.679545891574387,2
6.730874083962611,4.538849988220504,2
3.1411441167292686,6.450170678459335,2
6.0071640041375485,1.123750030332575,2
0.6005916803250129,-0.012171047999701035,2
7.452085507239856,6.818718531313035,2
1.4309507041161955,2.2390490371821348,2
-0.16861028259647348,-1.874146007736333,2
3.595099913748978,2.1959613565921345,2
5.562920773513817,7.333975518125724,2
1.680419301780253,2.2477762011779587,2
2.731140968431818,1.3601952630549785,2
5.211155207711707,5.286449952050427,2
-1.2046247674937787,2.011529503413316,2
1.192183969283824,1.2505328228200168,2
2.385150935299367,2.4083386539501106,2
5.269431670420538,5.3187264268416214,2
6.108840728420622,5.860686276214542,2
-1.4813014684115329,0.164416977155172,2
5.136586316929316,4.991728177644749,2
4.928235920076361,4.80320838372194,2
0.01900421203479441,1.3250200886546029,2
-3.7471924329578696,-1.362237627942724,2
1.866691306341127,3.2209912546077133,2
4.580180946141265,2.3251724519682724,2
-0.9287966694096195,1.089186284453677,2
3.265077873163588,3.8129493470262643,2
-0.6211758051417968,1.071527047270245,2
6.027973834269502,6.515213877249149,2
2.26183478702529,4.487836185302651,2
-0.6240894798036338,2.013126176552457,2
6.283799267096798,4.715576198984319,2
1.1004817556050364,-0.08280987507985405,2
5.869431080920467,6.934624056148596,2
2.433826860667723,6.013408401284524,2
2.1774519167546735,2.497970490038005,2
2.2348191080024264,5.416489775856369,2
2.606747372206845,1.7897483358944324,2
4.849098202358996,4.702152093230559,2
4.157207344186869,6.214962227544756,2
7.183089787702856,6.9040617310367125,2
1.2935804977207885,1.9778193379401035,2
3.943634780059634,5.264152193472732,2
5.003628959670037,4.958859646676416,2
1.0795251549984894,2.005350713984716,2
3.3119386004338245,5.70692763356255,2
2.0631496339389797,3.5491404558172825,2
-1.536694344159347,0.6983467533898682,2
0.30263457399783045,0.6879944336967756,2
1.0111105253552695,1.4383036744839024,2
5.401387924301244,6.006875509311328,2
1.8430300520602538,3.0104887751038927,2
4.047665494255358,2.5247543807276562,2
2.845280057630309,0.2187354831258137,2
-0.030600693447574212,-0.4934368158575575,2
1.8924241636095718,3.0095404701727158,2
3.0881656781836795,0.27019707828021033,2
0.8541325581813974,1.4604402149339448,2
5.170154590299599,3.6708206884077703,2
5.045707086182913,2.448223712961929,2
-2.337258286821542,0.6350443634651479,2
2.2133660615095736,1.7665692288253922,2
2.682681153762257,4.198812566110193,2
-0.3602237003673099,-1.5010171795607947,2
3.9513575884154597,7.046639135606001,2
8.00469417530444,5.987632558799147,2
5.112424496241633,1.9915575606315714,2
-0.3437461760533367,1.3700643649568642,2
3.005662609882184,5.564890848237679,2
-0.12754574089663917,-0.3538870374767651,2
1.748122652595533,6.267326708080489,2
1.131108490073367,1.6437577960110743,2
-0.3509120621334958,0.2529492078725477,2
4.050442240451025,4.210761761426132,2
2.6696839747806873,-1.3146871579177386,2
2.2609989144140235,5.027113711577233,2
2.5984639799478235,5.690681100810643,2
-0.09793423534727319,-0.22899246632517478,2
4.558651407761919,3.9839336594626493,2
-4.832683584879521,-1.0838346910130303,2
3.327770814895783,2.111463711654964,2
2.494461361666559,2.9821152149000887,2
5.7001933884975795,5.860275926928099,2
1.8423707171977326,-1.7563426452352129,2
-0.22309590521298261,2.5265000348965776,2
2.5592685707267595,5.947620087108872,2
4.102557937161614,4.98472326088242,2
3.992960933710588,3.378968219385381,2
3.6817472015643546,5.078898163288394,2
1.166435496416844,1.0375910972624673,2
5.637811206375774,6.444151539644553,2
2.273062216263088,1.8396321934902333,2
0.3886731770499341,-2.739185352751372,2
8.688832001227595,7.227162201832253,2
2.4672870863217424,0.35559781145406166,2
4.242496321596558,6.1445389939528665,2
1.5886504921445073,2.3427723114013075,2
1.6778647697637545,0.8274788632179866,2
3.0376548794225053,4.657213424545355,2
8.149978110266165,3.864538417469072,2
3.0379795767410127,4.899726154872395,2
1.5712596366331086,3.2858426448791396,2
7.193074332428769,7.824067949075751,2
2.8887119421561005,0.18711709693473155,2
1.1838995235240384,0.9608617305124536,2
-1.690481577684273,-6.044953715477742,2
0.3327253014336904,-0.45559089161845634,2
7.143016306983258,6.089106019853272,2
1.3420708844593137,3.4170042235894003,2
-2.2723222917949215,0.5714638856137655,2
4.0284951302852425,6.288824514817476,2
2.7796632582336236,1.4704572163756482,2
4.183689151612695,2.764003832723247,2
3.6467168842795386,2.187401119691298,2
4.819545500398318,5.777783755963862,2
1.781712754652351,1.4065187544691278,2
0.202269301378053,-0.3185918716121723,2
3.016535482411584,4.337513447102978,2
3.2113148808673304,3.380910338919617,2
8.61916436867186,8.652579138147809,2
8.306684895396064,5.864783753398321,2
7.028455122078733,4.943288815011079,2
4.71376715539633,3.7407819243053595,2
1.2922476733788129,1.7370233016482073,2
7.167637015576794,7.334226290670408,2
2.616926150696457,1.959793118190541,2
2.9458350578428125,3.326455308636926,2
2.8651833115805894,-0.28457666334487897,2
2.037973408401969,5.054645604517427,2
-1.018687914223797,0.6831859413277641,2
0.1449887662731797,3.454258263077357,2
-1.1593585140577787,-1.4175184901514815,2
5.438009160410889,4.897424525161897,2
-2.3550653316877534,-5.493778017138139,2
5.464848654554666,2.6394663495694033,2
3.923710550365571,1.5183284925758362,2
5.19326983969736,1.293079519659842,2
0.3966129520941162,2.8413034650300664,2
3.9936540455370846,3.72339403138568,2
3.1844790007051818,3.546300351155232,2
2.3172328386993297,3.853466743560718,2
1.0569119011784331,-0.5712305438059313,2
2.7900600882961357,4.593298986145625,2
8.149669914812982,4.20822735112184,2
1.9975957338558692,2.990288555996854,2
5.193763374545562,4.036461266304651,2
5.566766946730475,3.8329164680416055,2
2.629794690013753,0.2687977160184767,2
4.499063335260077,2.6883910002303724,2
5.383946902274401,7.124303251767941,2
3.973924452778207,4.3508046136197205,2
7.114099636219336,5.630220728706384,2
-1.2779353540430929,3.8966075576475276,2
7.620061253493265,7.21784566291441,2
2.694212709986144,1.462012403507577,2
1.9671437593607595,0.2336784180401339,2
3.1780580780746597,2.1339142690779402,2
0.949633707672549,-0.4030952983986613,2
2.8411246905004077,4.732502765494718,2
5.230014268465803,5.3675143819929465,2
8.16324414244028,5.987377225182129,2
3.136226000315669,1.1548309812432045,2
3.724615692216419,4.7107884963122935,2
3.472257510013966,5.117941656446682,2
2.082080235039566,2.9534464588885725,2
-0.09470649913215068,0.5449396260959816,2
-1.3522294315186407,0.47029513455700744,2
2.8773271410760133,5.463623291118555,2
2.8046573489691373,2.0152979316481305,2
1.2651838369086987,3.4898374856892245,2
0.1600954038951965,3.804881068997992,2
0.04728377950530094,1.0936038463096267,2
5.474090496562228,5.114625468541986,2
2.1431226107503045,3.5363856131857987,2
1.405339585190412,1.7444204056269847,2
2.0104325130542287,3.451346303206368,2
3.2243413458037646,6.615372984303477,2
6.122194834339998,9.033013798684056,2
2.0984580988863177,4.103617727429506,2
1.8403936450478704,2.5324624668694744,2
0.9515950256833929,2.5697036038589505,2
2.7004889508202776,4.770087211872751,2
5.4302806072498715,5.419619460597621,2
0.13569684256594794,2.1257320017977275,2
2.363037249969407,1.5762523740579362,2
1.6642666907335164,0.3255342124960108,2
-0.8315988478128431,-1.0009406428121705,2
7.637391180166383,5.248024244133278,2
2.7625845898258725,3.0422351324779786,2
-0.36578690227331023,-2.4427855775017617,2
3.9711812468968226,1.8523384327327093,2
2.4176377111610132,5.785581771299689,2
4.953882616204332,6.127967464339999,2
2.145603862742114,2.097261010025697,2
2.9985247824836194,0.6784840185970427,2
-2.6284952152352012,1.2211957750118423,2
0.47156456313704,5.317776824364148,2
3.491821586010475,4.292685573723035,2
0.2572031773845658,-0.6608057430612524,2
7.700954675524137,4.477520544286428,2
-1.0791236360848826,-2.137172937362436,2
4.528084107245613,2.3025559506035043,2
1.6610087649113583,0.09788904646218954,2
3.798977105266915,4.3980179440992355,2
5.557861294017121,5.20069675498867,2
-0.5636903583482504,0.2928184366854776,2
2.4932338507276697,2.9229632696553995,2
1.8739802072795764,5.866284846789427,2
4.605112390321414,5.026964714249274,2
1.7340325073739364,3.751557521640207,2
0.5652468863382998,0.5012092773641594,2
2.021515208703798,2.678584716531695,2
9.669652798842566,6.491673593887014,2
4.914562219548104,3.791364866794366,2
4.932094448358757,6.4312595911060155,2
