28.7967,16.0021,27.7004,22.011,40.092,81.8828,1
31.6036,11.7235,26.2722,23.8238,6.3609,205.261,1
162.052,136.031,116.741,-64.858,76.96,256.788,1
23.8172,9.5728,27.2107,-6.4633,10.449,116.737,1
75.1362,30.9205,-5.5277,28.5525,4.648,356.462,1
51.624,21.1502,50.8761,43.1887,3.613,238.098,1
48.2468,17.3565,8.573,38.0957,4.792,219.087,1
26.7897,13.7595,29.6339,20.456,0.812,237.134,1
96.2327,46.5165,110.355,85.0486,4.854,248.226,1
46.7619,15.1993,24.7548,43.8771,7.875,102.251,1
62.7766,29.9104,-33.9065,57.5848,9.9144,323.094,1
18.8562,16.46,25.1269,-6.5401,11.461,162.848,1
45.6321,22.71,-18.3986,-20.6427,0.3822,178.255,1
33.1818,12.4655,-17.0341,-22.0762,41.929,41.3816,1
60.458,33.1061,14.3,-33.8765,8.292,372.568,1
29.4741,22.4581,18.1242,22.7035,48.0364,214.126,1
36.1741,17.6865,-4.7746,-18.9697,0.254,191.455,1
46.2915,16.0328,49.9706,33.3653,38.707,75.5234,1
46.0588,18.787,49.2704,34.1066,8.686,180.783,1
44.7394,15.6364,14.043,37.2246,3.251,221.806,1
91.6423,71.8818,-56.7107,72.3016,16.622,285.414,1
86.0486,21.8287,-58.7854,57.8212,2.005,302.553,1
90.5299,17.8721,-57.417,84.6189,2.039,272.038,1
20.3836,9.0462,22.27,12.9487,43.0032,66.1667,1
87.2384,27.935,-18.2102,66.6867,4.4265,342.504,1
107.338,29.1356,-47.1175,89.5136,3.312,293.781,1
27.2304,19.2817,23.0406,23.3428,77.5379,104.283,1
26.7065,18.907,9.1616,18.6858,26.881,63.7637,1
23.5647,9.9926,30.0056,-13.8665,26.5328,185.189,1
34.7486,19.2286,30.3637,-16.3092,1.521,109.445,1
50.4829,25.9699,32.1193,39.0162,22.471,141.601,1
87.4217,26.7866,10.4779,68.3446,0.3647,371.79,1
34.9205,15.9621,15.8025,11.8249,9.59,154.712,1
28.6609,19.1223,-10.3243,-23.1846,20.7574,199.059,1
75.2057,31.6833,-58.1243,43.08,1.5926,282.915,1
84.61,36.4657,54.4505,86.0228,17.575,258.597,1
45.6094,20.8103,-0.5056,37.7755,4.25,165.582,1
37.742,24.3346,5.998,34.4104,24.216,131.601,1
38.1817,15.9235,10.1326,26.1095,2.572,177.008,1
73.6263,35.582,-48.0377,42.6119,4.471,372.317,1
63.3453,24.3855,-48.6381,-19.4147,0.64,291.553,1
16.7608,11.3962,-0.8645,5.0177,62.618,169.688,1
27.6746,18.9149,30.937,20.242,19.3719,223.241,1
13.2617,10.7145,14.7178,2.4666,68.604,107.851,1
61.6463,21.171,54.8329,52.4882,4.2131,234.581,1
18.6533,15.1674,-4.2971,16.0316,4.7998,55.7509,1
38.1627,25.1091,37.2749,22.8564,5.5119,188.124,1
12.974,10.9058,13.7506,-6.2434,42.2408,168.245,1
63.2886,26.427,-27.3566,54.6506,0.9753,302.897,1
24.999,14.6867,5.8044,19.2386,9.862,174.003,1
35.9913,19.4494,-34.0069,-25.3956,0.2425,175.99,1
44.0846,23.0143,25.9525,-35.1309,16.119,210.596,1
65.3574,22.3483,-89.2907,-31.2444,4.874,272.68,1
43.7724,20.353,32.9358,38.4208,16.25,273.837,1
33.4858,15.0766,33.3189,19.1818,12.9506,169.066,1
92.8723,25.685,-25.5033,51.797,7.7301,304.585,1
19.6562,9.7376,-24.0292,-9.836,63.03,118.341,1
96.8578,39.4755,-59.0369,66.0291,3.8107,340.996,1
95.5207,34.5134,21.1988,88.912,0.084,260.879,1
22.7945,14.8676,-8.7481,-20.3785,6.7835,110.258,1
66.7336,24.94,27.3604,67.0539,9.941,223.912,1
45.0172,18.4512,-10.746,-37.5851,8.718,178.647,1
99.6416,13.5477,48.7119,92.2613,74.5664,57.7231,1
20.8112,7.1717,-1.5465,8.9641,85.103,235.951,1
96.3755,31.3902,-34.801,61.0636,9.782,307.321,1
30.3331,14.9817,-32.2094,-20.1641,0.9075,74.5242,1
20.9491,7.0366,-22.9802,-12.1656,40.656,146.512,1
49.6143,28.1482,44.0893,26.0127,0.67,150.761,1
26.9766,9.7238,-12.3167,16.287,3.675,197.338,1
29.817,19.8364,10.0066,23.9409,15.9328,222.184,1
23.0242,13.2275,-25.6063,-10.429,33.4008,210.819,1
66.1331,25.9259,42.2957,50.5528,11.5159,160.519,1
34.9502,16.0121,-12.5192,11.1413,17.6684,201.404,1
23.6353,11.4736,-15.6487,-18.8315,43.565,194.384,1
20.4754,15.7636,2.48,-10.4986,13.8089,55.4986,1
59.7337,17.0227,51.0255,54.5868,5.094,217.856,1
22.6397,10.2608,23.4366,18.6537,14.3756,251.28,1
92.937,22.1354,18.6509,48.5227,3.497,358.99,1
86.5636,36.8235,-24.0564,60.9768,2.643,306.55,1
39.3737,12.0817,18.1724,13.6391,3.7449,201.01,1
41.2629,20.9786,23.2559,43.3331,7.6147,219.077,1
89.8648,33.6384,22.0971,98.5182,3.689,158.618,1
24.999,17.775,-16.3719,-25.5307,81.8671,120.263,1
19.5793,14.6976,-6.8054,17.3916,13.17,130.918,1
21.8344,6.832,25.981,-0.1704,35.4993,95.7374,1
87.5837,33.3742,99.2131,75.0174,2.428,255.315,1
53.7339,15.4395,-45.8108,-40.3603,1.886,32.6827,1
34.889,19.6402,29.9825,29.1531,8.376,227.336,1
41.0677,16.2578,47.4405,37.9125,17.671,213.317,1
60.0261,12.245,3.5656,55.2047,1.3841,230.089,1
70.0322,30.2255,-66.4032,48.4611,2.936,294.746,1
74.5714,23.0735,-36.5281,63.076,4.029,363.489,1
77.9219,31.8209,-2.4392,58.1668,0.2442,327.992,1
39.1755,26.3821,-38.1241,25.4219,6.4974,299.173,1
18.1607,10.4502,1.7266,-7.66,43.3661,147.236,1
25.4762,12.0898,7.0323,15.7982,24.847,193.349,1
23.4494,16.2843,-8.8017,-15.9867,83.8081,235.203,1
32.0586,15.6976,-2.3114,-17.7455,12.1807,193.794,1
18.4475,11.7563,-0.0948,-6.5384,69.2291,219.394,1
41.4001,25.658,39.265,30.5051,0.6344,91.228,1
92.5854,11.2825,-68.649,-48.92,2.5099,293.081,1
29.3424,16.1814,-51.8263,23.7665,39.189,168.084,1
47.8275,18.509,28.7838,-29.0817,4.798,159.704,1
73.2547,19.5552,-44.1258,34.5939,23.149,282.616,1
26.0862,12.5473,16.3451,14.9018,4.1527,183.852,1
94.2369,17.6341,-97.071,50.552,1.854,302.219,1
38.1089,15.08,-21.4336,-29.3931,13.741,154.264,1
33.5874,17.46,-49.0296,-7.6514,25.657,166.95,1
50.8293,20.0939,38.7703,41.463,3.6565,189.155,1
25.0275,12.8142,-12.5331,-8.9993,65.2451,72.7386,1
26.8928,17.7678,-1.6706,-8.159,23.821,109.02,1
28.0883,6.8084,-7.7092,-17.4113,27.549,146.596,1
35.8144,12.3164,17.8018,20.673,23.123,142.372,1
29.3108,14.6309,6.1452,-19.1932,24.109,69.2467,1
19.6419,0.0,-0.5678,5.2697,34.817,182.016,1
23.6924,8.8987,23.9812,14.1032,27.014,128.707,1
27.4888,18.5665,2.8405,6.1522,23.5868,188.636,1
117.749,33.2446,98.9071,129.932,2.582,188.983,1
26.8971,19.2128,-12.9068,4.6154,41.065,152.596,1
13.1994,10.8032,-14.5262,1.8356,54.0277,181.817,1
25.1576,12.8638,-24.1639,11.1073,47.777,149.657,1
18.2028,15.8708,18.9639,18.329,2.5957,48.9988,1
70.6584,19.8319,-96.9809,52.5046,0.45,288.263,1
101.703,39.5491,-157.872,70.4115,4.0677,327.251,1
58.1232,23.5601,-49.22,-33.4621,20.194,94.0063,1
20.7445,17.3249,11.7553,17.0726,25.7775,91.6373,1
56.2418,16.5703,71.8585,39.648,1.574,250.91,1
70.2768,24.5132,83.3498,48.9676,2.9261,233.617,1
81.2317,32.2546,35.5667,66.9446,4.155,295.38,1
32.7059,17.1981,46.6935,13.1053,40.3711,99.7447,1
42.3725,20.2021,-4.4911,26.362,0.6925,182.477,1
80.3994,14.9183,36.0787,76.0508,5.066,272.617,1
25.5688,19.0735,16.7068,25.194,74.308,316.47,1
16.9286,11.2814,-1.2345,5.8021,18.5125,190.039,1
18.8734,17.772,-14.6576,-16.9343,17.1286,114.938,1
34.1619,21.2966,-4.6579,-11.6112,11.6079,163.722,1
30.0005,21.6966,23.3297,17.6318,27.943,151.522,1
41.3848,32.4617,-20.4985,28.2927,9.628,308.373,1
25.2228,13.6075,-12.181,-12.8844,66.649,78.9436,1
21.6891,10.3849,5.8526,-17.6826,1.5485,232.154,1
20.5839,12.8876,12.5054,12.7741,26.586,199.96,1
25.2091,10.6551,10.6071,21.1038,41.563,147.489,1
35.7062,13.2892,-32.1031,-25.7479,1.2543,201.751,1
62.6886,22.612,-100.913,-25.4533,3.121,229.768,1
19.7366,7.3095,-3.5091,10.3719,24.7838,173.073,1
48.4695,18.1279,19.6222,46.8981,6.955,203.072,1
22.5702,0.0,5.3609,-15.2145,80.3449,210.833,1
18.249,10.4383,22.8063,10.1469,15.8259,159.544,1
28.4148,13.01,28.2765,20.1871,13.6965,136.651,1
47.6,13.413,41.1158,33.8544,2.608,178.462,1
33.3528,17.6866,15.898,27.6711,8.709,196.918,1
97.794,26.8347,29.7042,95.3544,3.2128,256.435,1
13.1155,10.1083,12.3051,7.4928,58.845,166.287,1
52.8479,21.5505,-53.2694,27.9502,6.087,309.622,1
40.6097,20.5874,-5.5945,16.0028,0.774,233.346,1
65.6069,33.6033,-84.0021,43.5019,0.7567,246.341,1
63.8128,26.2233,44.5465,46.5522,1.919,284.652,1
22.5539,9.7776,-4.0544,16.5945,9.215,236.65,1
59.817,14.838,-110.45,53.9825,5.235,289.536,1
27.1044,9.7779,-12.2606,-14.8614,29.844,225.566,1
21.776,12.7202,8.4346,15.5208,22.3655,120.076,1
20.6454,6.839,20.3461,14.9016,2.7533,175.992,1
91.6174,39.9496,-105.167,83.687,3.0094,256.828,1
60.8598,18.7033,42.4917,33.7518,4.182,146.803,1
35.577,15.0526,15.679,14.3568,2.0711,225.707,1
31.6173,24.2115,-23.7309,2.8864,22.951,157.613,1
85.9355,29.9215,-44.0508,-20.0659,4.7597,335.983,1
20.0777,12.6181,14.1429,15.066,36.457,132.889,1
59.6124,30.8693,26.7671,54.7397,1.1057,264.642,1
72.969,19.2006,-47.3236,42.1489,4.087,291.175,1
20.7154,7.1982,1.5153,-8.8118,88.4999,189.577,1
23.807,10.0712,7.3563,16.856,10.378,216.895,1
24.38,17.4654,17.1472,19.777,0.8652,256.869,1
36.5237,15.3246,-57.2893,29.2074,12.715,109.517,1
19.0154,12.8813,8.3826,17.2241,58.903,174.401,1
23.8915,12.8584,-19.4911,-14.9193,6.2472,131.247,1
82.3156,17.9964,-55.8407,-62.4659,10.08,288.194,1
72.8104,14.3361,-54.9261,58.5437,0.644,286.265,1
20.4525,7.2419,2.1721,-9.6562,9.1256,159.126,1
23.6179,20.0571,-1.574,-15.0956,47.786,86.2468,1
80.0169,29.9756,20.4369,24.4273,4.142,228.254,1
20.7779,7.1383,-23.7708,-10.7906,28.79,177.459,1
37.3516,16.8653,4.4937,31.5053,1.713,184.572,1
25.0056,16.7048,10.5704,18.3557,4.2353,169.08,1
42.1289,16.1025,-37.9885,-22.3351,12.9801,220.713,1
24.3343,14.9489,16.4085,14.006,10.288,125.972,1
17.8912,15.0832,1.5604,11.248,44.74,225.809,1
21.6327,17.2218,7.9688,9.6019,10.615,186.555,1
60.7883,27.5272,88.6317,-19.3902,5.097,237.768,1
78.6493,34.0613,82.1473,66.0231,3.227,161.776,1
84.2741,33.3225,43.638,73.8035,3.7714,260.378,1
77.5343,18.8832,46.2902,94.0484,1.892,213.191,1
20.5321,15.3265,21.9631,14.7728,44.9,207.691,1
33.7616,14.4511,39.2425,30.9736,32.377,140.921,1
68.0121,27.6698,-14.268,44.4184,3.9746,313.967,1
23.1657,12.7022,18.2871,9.4278,82.0505,193.769,1
42.1441,13.7346,31.7383,19.1549,1.7038,228.537,1
36.079,13.2636,37.1098,-17.1724,26.3559,147.636,1
74.3456,37.459,59.8813,83.1157,31.553,211.97,1
101.424,41.0631,78.3723,90.4413,6.1992,265.012,1
43.1994,17.501,44.9467,40.3342,7.6914,154.427,1
61.6933,18.0011,47.4507,38.9838,2.926,234.109,1
23.2114,18.431,22.8049,22.652,2.8462,51.4993,1
25.2455,19.0726,13.6337,11.1564,81.6368,229.061,1
78.2002,23.1372,57.955,86.1356,12.616,217.965,1
31.5256,7.4577,33.1918,21.022,10.2785,189.48,1
57.1656,19.9402,11.2262,44.4537,12.267,247.114,1
26.3353,16.2775,-30.4934,-15.3203,27.835,194.042,1
45.8894,15.7069,-48.0214,22.4139,1.7371,227.008,1
39.2192,14.1085,36.9605,31.7324,9.1923,225.515,1
52.221,12.2973,-25.0167,-41.2341,5.096,185.44,1
23.1587,0.0046,25.3507,15.0322,61.5621,147.73,1
19.7592,12.1812,3.6595,-11.2892,18.354,182.91,1
32.5377,19.6957,25.8408,21.2875,27.297,136.814,1
23.153,21.0028,28.0575,19.6679,27.621,78.7331,1
36.9017,24.9234,-2.4734,-13.2831,1.9727,135.037,1
29.1556,12.5696,-9.3565,21.4041,1.925,216.048,1
100.747,16.6321,-110.411,74.4191,0.305,230.713,1
46.5588,28.6929,17.6816,46.0987,12.727,107.747,1
33.3045,14.4421,1.7249,-9.9052,5.2437,215.956,1
29.8023,10.9847,27.7037,24.3173,0.352,209.784,1
86.5346,40.6201,35.8899,74.5456,4.8152,219.069,1
64.6445,28.8301,104.88,-54.6747,10.304,261.443,1
64.4081,23.7635,65.7484,41.2256,1.0067,224.491,1
20.683,7.2158,-1.1217,7.933,56.923,137.98,1
68.8466,17.4731,-132.189,67.6255,0.137,248.86,1
31.5283,21.6599,7.1639,22.6167,50.0234,38.7816,1
90.239,14.5621,-129.945,37.1621,3.241,303.714,1
20.9663,12.7298,16.9437,5.9588,47.8491,218.66,1
13.0557,10.9159,-14.0863,5.2668,74.1884,175.677,1
79.9539,31.9315,53.3845,87.6757,17.7108,171.441,1
44.9999,25.6517,-19.3494,-12.726,46.1539,15.3696,1
26.611,14.1842,29.0377,20.5257,29.5051,135.119,1
70.457,22.9878,43.5397,68.1553,34.2372,216.957,1
36.9794,24.1174,11.2818,8.5158,46.43,93.9373,1
16.3371,11.6489,-0.8501,4.6868,69.7431,224.031,1
71.2234,17.8914,68.4368,71.1737,7.615,223.184,1
45.8732,11.2837,43.4461,-19.3437,4.6366,192.525,1
33.429,29.8932,-13.7784,-31.4401,29.644,28.8145,1
43.351,17.7081,37.3736,31.5782,20.664,140.19,1
56.2479,20.9217,33.813,36.6852,0.556,220.971,1
100.226,28.222,-42.0608,-33.4996,4.4376,299.45,1
34.4244,9.6598,-29.8832,23.1758,27.604,182.12,1
22.2442,11.3451,-6.2041,-19.0011,6.6462,147.737,1
37.3887,19.1897,-28.1468,-21.6535,1.818,245.343,1
92.6284,33.594,-57.3109,62.6011,6.878,273.371,1
32.2468,13.0261,-14.0759,-25.0816,16.2095,168.025,1
50.0122,17.8938,42.9603,19.7787,2.8523,201.766,1
63.7616,24.1374,56.2044,57.895,3.473,243.311,1
68.9648,25.5221,-76.6982,52.6603,0.402,253.006,1
80.7093,47.2876,-49.9844,88.2266,30.763,280.767,1
49.6601,22.0999,17.9069,-25.4435,5.4509,197.243,1
22.8274,12.9011,-13.6277,-12.0722,33.5573,164.843,1
50.5984,25.8939,10.7891,35.9762,8.44,270.007,1
22.4236,15.8256,1.5724,-20.7925,53.815,139.193,1
37.6518,15.2293,24.9532,37.9769,7.803,184.216,1
21.1221,9.3478,18.4225,20.1723,75.3948,167.109,1
70.4799,18.7963,-88.956,43.637,4.5199,251.386,1
26.466,18.778,13.4573,9.0185,6.6995,169.81,1
19.4731,12.2939,-1.0,9.8855,53.7383,202.139,1
18.9671,12.7729,16.1166,11.5546,31.4965,163.805,1
33.5123,15.0057,33.7307,27.5196,6.8985,199.944,1
49.2754,14.5068,20.2038,38.108,1.985,177.428,1
114.806,22.8821,-50.8563,-130.103,41.91,127.577,1
24.5581,15.468,10.2036,12.6949,26.996,165.258,1
17.1997,7.3014,3.4739,4.489,19.79,217.318,1
86.5389,16.3152,48.9056,72.2829,1.53,245.673,1
12.871,9.8459,11.2062,8.4149,40.035,146.03,1
36.1618,25.9263,14.0562,20.1419,33.371,142.269,1
21.1474,16.8163,29.268,-11.5756,35.595,122.94,1
13.123,10.9616,14.6416,-4.0114,88.1516,98.8626,1
53.5736,25.803,39.2808,58.4267,7.596,171.407,1
29.1123,18.0166,11.2887,26.7753,36.953,190.445,1
74.4746,13.4246,18.4636,76.5354,5.847,286.639,1
29.4259,17.0431,-14.6546,-15.5914,45.059,142.487,1
40.749,26.1492,29.9765,-24.5987,8.364,169.123,1
33.8898,17.6924,13.8792,25.8841,6.891,90.7788,1
85.6478,20.1038,-43.2684,61.6568,0.7472,318.342,1
21.4944,10.4204,-4.4301,16.7152,14.8311,207.058,1
35.9225,14.7049,-5.9833,-17.4181,2.969,131.396,1
38.5491,19.1817,-2.0615,27.1747,7.8488,156.407,1
32.0949,13.4114,40.987,17.3007,14.233,197.379,1
29.9358,23.5957,21.8132,13.6714,39.0829,143.347,1
24.8738,19.3399,24.2257,-13.6964,31.2269,68.9708,1
13.1469,10.548,-13.3907,-4.7953,27.3603,225.093,1
23.6426,0.0,2.7603,-12.9376,0.0,122.76,1
36.2124,9.5335,-22.2515,-24.4503,27.4653,53.5635,1
31.3143,18.0536,1.2051,14.7875,1.6985,183.056,1
80.0634,31.6829,30.1971,73.1529,0.57,286.451,1
45.5567,16.8422,33.8612,24.1014,3.378,214.16,1
20.5056,12.823,9.9865,14.0662,1.701,205.635,1
88.6611,23.5917,41.6122,91.629,0.71,279.442,1
23.8669,15.7684,-16.3651,-17.0472,20.646,118.458,1
29.669,19.4103,-22.4237,-21.0367,12.24,232.553,1
32.4734,11.2154,15.6316,30.4684,6.915,93.2392,1
91.9495,29.2949,-48.1293,43.1926,4.1635,291.833,1
48.6413,19.3526,37.0506,20.0806,11.287,214.847,1
12.691,11.6996,15.6692,-8.7521,79.5407,164.163,1
23.2097,19.4279,11.7908,20.3361,24.8586,168.656,1
43.1149,20.6045,38.0039,23.6864,2.4098,168.887,1
34.3373,16.4943,-2.201,-29.0313,48.259,30.8191,1
50.1872,27.6518,14.543,53.802,17.073,93.8376,1
43.9615,20.2437,-27.2263,-20.6041,6.846,189.616,1
24.598,12.202,-16.8541,-16.6278,8.0075,190.772,1
40.9468,18.4822,8.9986,-21.5671,3.655,188.205,1
33.1959,11.5356,25.683,27.794,6.484,182.24,1
35.5524,15.3608,-10.5469,22.0225,13.69,166.058,1
18.1069,10.398,21.4803,11.3674,45.778,145.226,1
23.3353,20.2994,-19.4629,-17.4883,29.1324,184.927,1
31.8025,12.3285,-15.7609,-6.2242,9.822,228.486,1
19.8547,11.7229,-4.6572,13.4459,42.523,104.52,1
72.7983,23.2986,46.2421,59.0347,7.4414,206.648,1
18.0762,11.9477,3.1824,-10.1699,20.997,130.658,1
19.6908,9.72,-24.1813,-9.5954,25.149,174.422,1
92.3205,31.3727,96.7367,-55.23,2.0919,246.786,1
18.9658,7.402,-3.1037,8.6013,76.0739,165.641,1
38.525,28.8308,15.7854,11.6545,2.3112,119.196,1
109.37,7.2912,-50.3473,-90.9952,0.589,371.095,1
31.0208,10.3206,-37.1024,-15.7849,8.2969,189.763,1
37.6758,25.6146,19.5589,28.2246,20.1948,71.4024,1
68.6967,24.7983,19.6607,76.9693,3.4614,178.712,1
22.7946,17.6215,-25.018,-12.1896,37.2132,173.349,1
72.912,10.4211,20.5709,77.5674,9.402,235.075,1
74.1464,20.7143,-31.1356,53.6291,4.802,300.163,1
58.4387,17.4136,82.5458,42.7297,3.1218,265.076,1
62.1547,22.8527,-15.0925,43.1847,3.4278,222.286,1
18.7703,10.0147,21.682,11.9557,50.86,194.863,1
24.1417,18.2322,3.201,-13.1804,89.2231,80.7012,1
85.4576,31.2369,-64.0511,50.385,2.245,297.823,1
54.2845,17.4844,-14.1093,-62.4836,1.7076,211.699,1
19.7692,15.8392,-19.1665,-15.8836,83.8778,50.7506,1
20.6147,7.1962,2.3508,-10.1138,25.643,87.5154,1
53.6832,18.8762,-33.6288,-22.3987,0.803,295.812,1
108.261,35.2459,50.724,90.2158,1.873,230.846,1
64.713,25.9065,22.1605,56.6713,1.569,209.056,1
63.6676,17.6143,45.3996,63.7663,20.872,122.622,1
49.8142,14.8314,-46.6986,-30.2335,14.103,92.7215,1
47.4667,17.912,57.3802,33.9482,11.762,223.254,1
41.504,21.5189,-40.125,-31.0859,12.8677,225.89,1
47.1637,19.347,30.0344,40.5783,7.132,180.522,1
70.6596,30.9809,-77.6508,48.7238,11.138,253.993,1
66.5662,28.6046,35.167,40.3408,0.4,261.59,1
28.3371,24.9896,27.1233,22.0479,7.208,107.15,1
53.7088,16.6628,20.2522,53.7607,11.677,252.365,1
79.7124,35.2208,10.1771,-28.5291,2.129,340.809,1
30.251,13.6492,-1.3097,17.8866,2.103,154.642,1
20.7708,16.7921,6.1544,11.5784,72.2425,228.28,1
27.1848,14.0718,-17.8425,14.9077,47.377,183.708,1
66.8289,20.5976,-96.7076,-28.5553,5.1606,325.446,1
35.8341,21.9779,21.3774,-18.5377,6.11,151.76,1
57.8911,22.2757,88.1908,-36.4026,8.217,193.871,1
62.7644,25.1345,34.1638,64.2319,4.1234,171.784,1
30.3706,22.2166,-18.1745,-15.7373,6.7334,160.596,1
23.3751,12.5305,28.3051,4.9827,33.8435,94.5324,1
101.178,26.3345,58.0917,109.953,3.1693,170.111,1
39.2852,14.4233,47.5036,37.0007,11.679,254.953,1
12.7592,11.6189,15.1407,-4.8943,1.2142,105.064,1
34.2513,17.3507,-16.3295,-18.29,4.939,238.184,1
23.2118,10.7747,-23.5159,-19.3164,7.755,114.905,1
43.0546,19.9313,-9.9563,30.6469,12.089,149.596,1
20.7417,15.2144,2.6314,-10.302,16.395,151.372,1
22.3238,11.6049,28.8057,10.4378,18.82,206.474,1
79.6309,30.9289,73.8548,71.5445,2.3084,270.704,1
32.9957,12.5757,20.9195,26.5732,71.066,65.1353,1
60.012,19.0335,63.7436,29.51,11.1868,196.59,1
26.1033,19.74,0.2545,-7.5265,5.4609,182.494,1
40.0436,29.8364,43.8255,22.922,1.6058,147.6,1
18.8932,15.3311,3.915,-16.1011,14.71,170.615,1
43.9241,10.9225,-10.3197,-22.4855,21.329,66.8513,1
23.6577,9.8458,-32.3346,16.0048,26.831,126.2,1
28.4739,21.2686,26.7542,12.1834,25.431,30.4329,1
70.0225,26.4199,-74.3157,60.8729,3.902,256.658,1
72.7908,23.7428,34.9796,74.514,4.2311,202.542,1
30.5807,12.704,-19.9214,-13.3648,0.0648,129.373,1
35.086,19.428,-10.5013,20.5008,11.3154,177.42,1
31.3015,12.9583,39.4292,16.4468,7.923,220.319,1
25.7334,16.1706,6.2344,22.7043,49.1483,67.7852,1
19.6633,9.2678,-20.4804,-14.1482,81.0899,211.998,1
42.7735,24.0127,-27.2832,-27.861,13.269,277.779,1
23.9467,14.5395,-18.8146,12.5722,60.493,185.734,1
37.6122,14.3011,6.1052,21.3123,28.521,220.166,1
22.241,8.9672,0.7829,10.3637,32.6097,185.545,1
27.506,17.6938,-28.9954,12.4763,3.3162,187.61,1
21.1305,12.5141,-26.9401,-12.1122,81.2274,168.833,1
27.515,14.227,-14.2964,-16.8821,8.977,173.972,1
31.5473,16.5484,-1.0313,-21.8471,10.6245,196.962,1
18.0693,9.6759,-19.5487,-12.7659,84.2593,185.565,1
67.9187,18.5575,-0.1913,29.7202,9.654,232.656,1
27.8546,16.5647,-12.7839,-19.3784,4.1367,213.389,1
81.8495,36.8892,-98.2812,25.5609,16.194,237.432,1
23.4123,14.7674,8.6813,14.9779,39.4624,212.326,1
70.2288,28.4154,-19.6781,65.1319,1.562,321.541,1
34.1392,18.3298,33.6157,16.5571,13.7301,112.276,1
29.0976,15.3475,12.7534,6.2127,36.077,194.115,1
29.4748,14.7801,-19.2304,-15.1459,10.721,162.78,1
38.941,22.4191,23.2233,27.294,13.913,131.992,1
20.8484,12.248,-26.4809,-10.5577,68.6674,100.45,1
88.0174,21.6106,77.0907,78.2005,6.986,243.888,1
59.0112,26.2465,48.3117,45.5126,1.8811,206.842,1
79.539,22.7182,21.7908,75.6075,1.6851,267.36,1
106.364,49.748,10.6809,83.0956,0.624,244.643,1
34.9792,22.7377,4.3277,13.4747,4.075,94.4528,1
12.4899,11.9789,15.9987,-8.5835,45.6611,217.134,1
55.8434,21.4546,-27.225,-27.5871,5.4306,233.588,1
68.7354,20.5108,46.1909,45.2258,9.3666,153.897,1
64.5226,14.9087,79.1655,-40.6169,0.47,198.596,1
31.5737,19.7566,14.159,-5.5612,29.603,135.206,1
38.3448,14.1032,40.6911,26.0716,0.1899,177.974,1
37.7253,16.6038,19.6874,33.9511,15.834,256.048,1
26.7751,18.1128,19.1387,14.3378,66.0281,57.7037,1
33.0776,12.6328,12.1478,-23.3928,29.307,97.1445,1
42.1712,11.9324,45.024,17.3649,10.7626,124.56,1
67.2302,17.0296,-126.614,59.9437,13.9446,204.926,1
62.3261,18.0596,60.5019,49.8049,73.9247,122.613,1
63.7006,19.4801,65.4462,46.0652,8.519,245.152,1
36.852,25.1337,19.2474,29.5049,8.877,98.7117,1
38.7558,15.7457,40.2922,14.8127,3.952,148.485,1
57.7702,19.8409,33.752,43.2779,6.527,154.146,1
88.5562,23.4657,74.4441,72.9694,0.8794,230.344,1
41.745,19.728,36.2267,34.9348,1.2137,167.026,1
17.2692,11.1405,1.2627,-6.3159,40.0799,206.442,1
23.1041,16.8594,-15.7757,-11.8597,21.8327,202.634,1
35.315,16.4057,44.3245,29.9203,5.231,151.136,1
30.7339,13.3786,-17.5294,-25.4043,4.661,192.529,1
46.3706,21.9331,26.5122,32.6991,2.447,264.805,1
47.0893,20.5962,13.9659,39.1249,2.621,180.709,1
19.7221,15.8656,7.4801,13.3605,31.983,132.292,1
32.9203,27.2356,13.4766,28.0548,13.181,130.225,1
31.4417,19.7318,23.7303,21.7099,27.914,96.3967,1
77.8088,24.8816,67.6469,77.1651,19.558,201.848,1
71.9672,29.0411,-26.1392,61.4417,2.8019,335.801,1
37.4443,24.6122,6.9242,27.5978,7.341,162.335,1
94.8276,37.9939,10.1907,86.3984,1.024,192.106,1
38.0902,23.3226,30.0035,27.8475,25.6015,78.4666,1
27.1239,17.6472,2.558,8.1116,16.169,234.602,1
28.9475,20.2296,19.3121,16.1185,56.0565,197.445,1
12.9683,11.098,14.3448,-6.908,38.1314,162.358,1
35.7536,18.467,1.9518,-23.523,0.226,132.719,1
43.9643,15.1253,-24.454,-25.9433,1.228,171.96,1
58.6495,27.8697,-6.1004,-38.1196,6.845,263.348,1
72.6419,23.1654,-32.2986,41.3698,2.1522,329.579,1
20.9402,15.2975,22.2469,11.1188,14.19,107.513,1
91.6993,42.7846,17.2429,51.3861,1.9921,346.239,1
17.8663,10.0635,18.7946,13.3886,23.3338,76.7357,1
24.9509,12.2758,31.4747,18.5466,23.425,184.21,1
37.8835,12.4431,-25.5734,-25.4924,6.518,242.106,1
34.9294,15.993,31.1743,23.9472,1.3937,210.866,1
26.8589,11.3542,37.5401,6.5357,0.638,145.696,1
26.889,9.8236,34.4309,19.4041,18.419,192.16,1
77.8141,26.5122,37.0051,65.7207,2.712,218.662,1
20.2467,10.4762,8.6645,-18.0061,79.4844,161.749,1
19.8657,10.773,-8.0461,17.5656,17.929,53.4503,1
18.4491,7.3587,3.9625,-8.2376,42.315,135.144,1
39.4796,16.8977,31.9808,28.3,1.129,198.882,1
112.635,31.147,-117.267,89.9887,17.724,277.313,1
27.1373,13.7348,6.3929,20.5919,17.2732,157.231,1
73.2648,27.0787,28.7515,67.9722,6.2195,285.997,1
61.374,22.8597,47.2363,46.4616,3.713,262.058,1
31.257,10.796,-19.0605,-23.4546,1.9639,187.887,1
12.6846,11.7208,-15.4833,7.3755,4.176,200.477,1
12.8557,9.8076,11.1126,8.5403,78.748,169.005,1
13.4592,10.0133,-13.5799,-6.8066,17.4488,116.823,1
28.7248,16.5417,38.7981,15.164,3.5355,226.558,1
12.641,9.2152,9.8947,10.0579,31.8219,175.094,1
76.4482,26.3884,-29.7807,62.0248,14.573,305.318,1
97.3151,28.5147,-38.872,80.0073,2.984,319.867,1
13.109,10.6767,-13.585,-2.5324,32.0404,203.513,1
20.4623,12.5622,17.6169,13.219,65.011,65.8902,1
84.3787,33.7186,-50.4275,-65.0604,0.1081,383.599,1
30.15,19.2314,-4.2906,-10.2902,6.93,173.789,1
36.4567,9.6195,30.5904,22.7937,19.724,228.153,1
45.4678,23.5905,61.7676,-13.4235,1.087,169.837,1
29.4682,24.3438,26.8358,-14.4813,19.977,118.517,1
32.4134,16.0437,-24.4907,-23.0998,17.831,186.169,1
71.3468,25.1598,-120.403,51.7147,8.6575,211.858,1
27.8936,23.3166,11.4203,17.6953,82.8799,83.9734,1
23.8686,16.2113,25.2185,15.2242,68.464,158.83,1
95.6947,21.7506,41.2638,83.1004,0.2763,237.781,1
86.7133,32.065,-85.4238,68.7195,0.6696,254.693,1
66.7069,26.946,21.8764,31.9335,5.3847,256.118,1
48.8204,9.7049,-48.1352,-38.0575,4.5898,282.387,1
67.9187,32.6559,-66.878,30.696,0.794,273.901,1
19.6321,7.4005,1.6898,-7.898,8.5814,133.457,1
12.9651,11.2603,-14.9099,5.9191,56.521,182.309,1
45.5298,24.456,-3.7433,-28.9219,5.7152,212.955,1
38.9699,14.8991,17.0108,34.8474,14.53,215.223,1
87.8842,35.0948,-35.405,29.1815,4.122,364.982,1
32.0222,8.6668,-36.883,-23.0419,35.625,43.7536,1
33.1706,15.5717,31.8744,20.7756,7.608,170.48,1
41.9654,13.3986,47.5821,-9.4224,7.1441,137.348,1
27.8675,6.8238,33.6239,17.9717,8.5878,141.871,1
25.5991,12.5304,7.2105,-19.2635,8.7515,215.707,1
28.2338,16.3284,-10.6634,21.8452,8.526,217.377,1
22.9956,14.8647,-15.3437,9.2633,47.9304,128.131,1
27.0944,21.3476,11.606,22.1001,1.0148,69.6275,1
17.1072,11.2406,1.6386,-6.8364,54.2205,223.327,1
24.4446,14.3012,1.024,21.6145,20.8407,171.033,1
22.7103,17.5142,-9.0837,9.9208,78.773,140.182,1
97.1547,38.0068,-10.9403,70.3318,1.2669,349.885,1
35.7748,15.872,13.2986,19.358,2.073,180.333,1
17.0875,11.2666,0.7686,-5.2321,56.4005,142.859,1
17.725,7.4803,-0.4145,2.2463,33.97,252.016,1
90.8484,33.0185,-53.3876,49.7881,2.5821,332.585,1
80.5967,31.8121,90.83,57.0513,5.9931,219.884,1
58.649,11.4742,-87.1527,40.9113,5.308,254.139,1
40.2965,15.4665,-48.9599,-18.9337,0.125,210.714,1
50.0449,32.9152,-30.7985,-37.444,69.094,94.9161,1
20.3131,14.9422,0.4564,-6.377,37.287,230.014,1
18.9434,10.2434,-24.816,-7.7716,12.938,134.474,1
30.3594,16.9003,10.4975,-13.2944,0.2976,248.599,1
21.5732,0.0,-1.8113,9.6718,0.0002,118.189,1
45.2808,20.8866,8.9519,-24.6513,3.4724,217.62,1
34.313,17.8379,11.8881,-26.385,4.4274,191.113,1
88.4638,26.6695,-45.0756,44.1096,0.533,295.65,1
26.3201,13.6678,-32.1474,-18.1186,0.3082,262.888,1
48.8261,15.6801,35.9477,40.7527,8.2676,142.795,1
18.7991,12.4262,1.1589,-10.3469,35.2698,165.139,1
23.4563,11.3381,7.9259,6.9172,21.817,141.462,1
92.6332,30.1404,-20.7682,71.7015,0.123,340.839,1
49.0345,13.0214,-25.2715,29.7617,5.173,233.504,1
19.2295,11.4438,-10.422,-18.4222,24.262,222.838,1
94.1836,27.4501,-19.7617,40.3463,2.957,310.397,1
19.2296,7.437,1.8458,-7.5664,74.6152,179.885,1
43.7014,14.2281,-48.3086,24.9629,0.4341,197.124,1
25.3012,16.2202,-17.2506,-27.258,48.5567,228.125,1
71.7681,27.3733,27.6814,59.2579,5.254,283.419,1
31.3318,19.8114,18.3913,22.1769,18.65,77.5384,1
18.6774,17.6112,22.6674,-4.1781,8.3828,179.516,1
13.1551,9.0786,-10.8994,-10.1658,46.9567,97.3209,1
20.5012,16.254,-23.6191,-14.3202,5.932,159.226,1
24.8332,7.3512,-12.3142,-10.9453,20.643,128.14,1
96.5408,37.4145,106.233,57.73,9.0346,210.203,1
18.2899,16.9979,14.9739,13.8627,23.367,197.529,1
23.1716,9.5924,21.7069,20.1332,30.652,125.416,1
34.9922,18.443,6.2692,16.2665,8.191,215.527,1
70.1479,20.2556,-5.4196,49.1044,8.2377,233.607,1
29.5611,16.2612,7.6545,-8.9151,23.721,118.679,1
94.8427,46.5011,97.0851,82.8087,3.2764,264.476,1
71.6093,20.8942,-31.573,-16.0592,6.166,309.411,1
48.5152,22.2848,33.4214,18.4291,0.6261,213.416,1
80.7882,55.0349,31.8274,70.9064,22.529,277.398,1
27.1259,12.9634,-13.1926,-16.2096,21.073,99.2327,1
19.7062,17.9125,12.2868,18.3755,29.7652,177.847,1
19.8584,15.5018,22.9476,15.8569,20.1575,159.01,1
32.392,14.8974,34.5464,15.8798,7.136,217.28,1
28.6991,19.6079,13.4919,23.5966,21.0958,158.988,1
41.2937,12.6744,-35.2253,-30.0301,5.153,174.052,1
27.3361,8.0875,14.4049,17.5536,19.4594,76.6494,1
26.503,11.6146,-33.6594,-14.4753,30.148,99.3175,1
70.217,18.8949,-111.158,46.3781,8.293,230.3,1
21.843,9.901,-2.8651,15.3604,6.251,155.282,1
12.591,11.8526,14.998,0.9276,29.7285,172.714,1
46.3641,13.7186,42.3198,31.0888,10.4919,209.684,1
23.8241,10.0087,24.9824,18.1984,0.572,162.121,1
53.0403,13.8821,41.2841,47.6989,10.1148,237.736,1
61.5098,21.2576,19.0333,60.0375,9.437,229.416,1
33.2252,13.57,-27.9605,-15.7714,15.71,76.5837,1
24.8368,14.4621,4.7521,17.2153,6.437,161.127,1
35.3335,12.5989,28.1225,-17.0134,5.8315,194.634,1
57.6389,19.9578,34.1966,59.3038,0.619,113.551,1
20.8936,7.1692,0.2502,-4.9255,53.587,43.9599,1
87.0611,30.202,48.6755,-33.3573,1.5388,408.453,1
87.02,21.7407,-101.12,59.0806,2.8508,277.881,1
138.085,50.5402,-179.053,75.5048,5.931,254.744,1
39.163,18.2024,37.3274,33.2677,10.9465,242.224,1
41.1027,11.8476,31.2249,20.7355,7.067,226.629,1
23.6829,0.0,2.6669,-12.8175,77.229,79.9193,1
18.636,10.1447,22.6966,10.6717,11.5884,209.775,1
38.2407,14.7608,-42.045,-20.474,3.9659,203.657,1
33.7959,12.4542,15.7147,22.9081,27.8917,181.831,1
46.7637,14.9414,-20.3305,-34.7392,2.0311,175.065,1
23.4645,16.0261,10.901,12.7104,33.041,44.4753,1
25.9826,13.9899,15.9402,8.8205,4.752,94.0805,1
22.9006,12.6407,16.6679,12.9589,11.7582,138.647,1
29.4437,17.2949,9.5314,20.6289,20.244,87.6333,1
70.4372,23.8977,-63.3836,-72.3311,0.875,317.562,1
77.4178,26.4332,-163.214,71.5944,1.357,258.131,1
79.2821,27.9011,-17.0897,-29.9275,5.16,324.141,1
85.6145,22.8778,87.5353,85.5687,1.57,243.295,1
30.694,22.0026,-6.887,20.2385,37.1267,127.82,1
37.5494,11.2492,26.6471,30.6792,8.782,182.141,1
20.0833,15.4987,12.2698,18.2534,20.6196,96.7668,1
21.0167,8.4981,22.0759,13.7412,9.3744,180.579,1
12.6472,11.7739,-15.5719,7.6167,5.88,171.3,1
82.9688,29.1319,15.5443,69.876,14.1164,204.233,1
36.8698,17.7978,38.1599,30.7423,4.412,146.661,1
26.8487,11.0832,-9.7153,-10.7173,11.235,159.082,1
51.6785,25.5782,26.7409,37.5168,1.8934,236.85,1
43.2557,12.0269,-63.8415,16.1869,9.697,299.406,1
23.7871,13.4529,-24.0771,-14.5591,4.575,107.02,1
23.1262,16.9944,-6.5245,-12.303,16.232,84.9105,1
27.3505,12.6293,21.1833,13.7308,15.7217,170.12,1
15.5071,11.6106,1.4462,2.6585,77.7643,149.374,1
20.1958,7.2301,3.5491,-11.1057,17.9072,137.714,1
63.1196,31.0642,46.2564,59.8515,6.423,314.41,1
18.5136,16.9251,22.2255,8.0834,11.74,161.406,1
18.6133,10.0097,20.7083,12.7382,9.438,179.16,1
20.2001,14.9132,16.7214,17.6908,5.736,148.227,1
29.2873,8.4266,38.0135,9.9818,12.5354,166.636,1
39.938,17.9057,27.506,23.8404,14.4579,113.943,1
19.6147,7.4136,1.2375,-7.0857,29.2598,236.766,1
52.9024,22.7868,17.9581,51.0997,4.4386,138.361,1
57.1182,25.9623,43.8639,59.8664,19.89,237.713,1
26.564,13.2097,19.6882,-15.1212,37.7264,178.868,1
26.6212,19.2324,-18.4033,-12.248,44.407,198.768,1
16.0411,7.1442,-2.9404,-7.9366,62.18,203.754,1
109.32,47.7498,-64.9838,78.7445,1.102,275.318,1
50.1709,20.6646,-10.8439,-50.4617,47.392,198.364,1
68.2261,35.264,-48.6004,20.9658,54.509,175.194,1
56.5206,25.5338,37.5944,32.893,2.379,234.512,1
27.4278,12.636,-13.2997,19.1969,3.597,255.342,1
36.7372,16.5615,27.5738,37.0206,27.593,190.35,1
68.2982,22.7802,71.3189,41.3572,6.3982,288.958,1
19.6229,18.7334,16.3392,11.422,10.1102,76.8999,1
22.0837,10.5265,-22.6056,-18.8925,14.4397,172.572,1
82.1714,40.3261,62.5564,63.3321,1.7505,279.018,1
25.0822,10.9047,21.727,-17.8951,6.219,180.699,1
35.1926,27.6832,23.6958,27.381,10.685,84.5853,1
36.9465,18.2425,-10.664,-19.7029,10.9128,199.445,1
57.9074,30.0559,-17.9499,-47.5956,10.159,305.255,1
23.6678,0.0001,0.0,-0.0001,81.1385,168.663,1
27.0994,10.6958,8.453,15.2155,1.5977,145.424,1
28.2302,18.7591,24.8857,20.802,7.4795,146.09,1
79.3831,12.9439,35.3588,78.7654,9.4384,221.48,1
78.8325,27.4832,-52.4575,71.395,2.762,288.565,1
35.5418,19.0787,16.6808,13.377,27.4184,155.091,1
13.3286,10.5157,14.3543,4.3614,76.331,189.484,1
34.8904,14.3351,31.0558,31.9063,10.5513,103.707,1
36.0465,17.6856,-14.9419,18.6392,1.9542,104.142,1
26.8454,13.8541,18.5377,-10.6566,17.533,173.458,1
23.6729,0.0,0.0,0.0,47.7751,154.638,1
34.2078,12.1986,-50.8447,18.6473,6.6964,132.384,1
130.346,36.4798,-94.0671,88.7359,6.999,228.298,1
31.2984,18.5756,-0.2935,15.5327,8.988,211.217,1
33.4718,23.5392,5.0768,21.8971,0.6027,229.513,1
47.8357,20.8121,19.2355,37.4746,0.468,215.892,1
31.0015,15.8117,42.3612,16.1316,8.767,119.08,1
55.7546,18.3318,-76.1022,45.9467,3.628,285.788,1
37.1898,16.2488,-13.3445,-6.6957,7.0604,170.414,1
60.6745,21.4003,-1.6209,64.9926,18.082,108.385,1
13.0451,10.91,14.0221,-5.3863,81.2793,136.507,1
35.648,11.8742,53.2289,-17.7458,5.014,212.108,1
50.2888,18.2407,39.0495,44.8403,39.0638,267.019,1
28.1635,15.807,-17.9803,-13.7842,17.1252,248.03,1
31.3812,16.2673,29.2412,24.9286,9.9904,164.816,1
21.9153,9.8124,2.9631,-15.3943,16.1307,186.619,1
22.6157,12.6978,17.0142,10.1953,34.5976,178.035,1
40.9872,16.3956,-24.6696,-26.6872,0.0821,231.651,1
20.4324,18.8956,-6.1788,17.2294,64.5349,143.721,1
58.113,24.2392,-27.4683,18.2293,3.9914,334.944,1
27.8821,17.6439,33.2437,19.6353,37.9035,202.109,1
25.1526,0.0,24.187,18.1689,61.216,237.147,1
70.6168,19.7858,-80.291,30.0402,8.372,277.0,1
26.2271,20.6569,-1.5213,-15.5366,2.1651,225.079,1
23.1306,14.9958,-9.3686,2.8332,41.0922,212.261,1
12.9987,10.7215,13.3091,-4.4109,32.861,251.47,1
20.5966,17.8906,14.4956,20.3017,45.299,244.401,1
12.6471,11.7783,-15.1635,4.742,31.776,172.725,1
30.5895,15.344,4.0507,14.2319,56.2862,24.4249,1
70.3337,18.5827,-32.7976,51.479,4.6368,295.183,1
16.9818,14.9461,-1.5617,-13.1519,51.0269,226.682,1
37.0979,8.0876,-10.8717,25.3223,1.472,169.177,1
81.9649,35.4074,7.2615,54.667,3.5171,337.57,1
93.7035,37.9432,53.2566,89.0566,14.1224,231.9028,0
102.0005,22.0017,-54.0862,43.0553,88.4636,274.9392,0
100.2775,21.8784,-48.1834,57.6547,20.7848,346.433,0
91.6558,18.8293,-52.6841,-97.8373,63.8834,130.7998,0
38.0195,12.6736,-51.484,8.3471,24.5402,163.8674,0
215.323,67.8238,298.614,-95.0773,76.924,243.064,0
160.068,87.0446,-31.9238,-169.2824,10.2033,292.7602,0
19.7907,19.353,14.7705,4.8395,80.0427,63.7561,0
49.8986,12.6365,-47.4998,17.2189,35.934,204.903,0
61.0387,9.9631,29.4891,50.759,64.2081,243.605,0
177.8882,59.1349,-208.5682,-127.6361,88.9903,263.9121,0
98.8112,75.9816,-29.9406,-88.866,8.08,370.691,0
150.3023,32.5412,-167.7775,107.5506,25.3045,298.5178,0
21.3952,10.9836,15.4097,18.3532,64.7376,70.4184,0
95.3733,46.0798,55.3443,69.6142,43.1325,333.2413,0
11.5324,10.6671,1.3976,24.256,5.6915,167.9793,0
28.1556,24.1444,-12.6929,-14.2406,74.558,85.3098,0
146.4157,42.4736,-160.4157,-8.524,7.2265,232.5051,0
25.7351,9.5793,30.9741,16.6231,88.6277,165.783,0
134.8313,43.1658,85.564,146.2245,19.1729,147.2518,0
51.3789,19.0995,-35.7317,-40.116,22.1294,231.842,0
18.4914,9.7635,-1.806,7.652,33.8161,188.867,0
115.524,27.1455,-172.656,108.1819,34.0787,290.8101,0
171.9158,51.0077,-106.1978,-229.3929,67.8273,275.9204,0
18.0326,10.7285,-0.7818,5.9843,69.938,222.663,0
94.0169,65.5994,86.7508,73.6068,89.7659,296.8153,0
146.809,75.5803,106.6607,142.2974,78.6336,176.4249,0
22.3098,15.0676,29.272,-4.5585,34.0497,51.1374,0
35.6049,14.776,-4.1669,25.6703,41.3813,232.3171,0
66.2369,49.4871,-26.2113,-44.3616,40.3129,334.398,0
148.3768,58.63,-135.5069,106.0951,35.5259,342.2848,0
34.6256,18.2765,31.7473,41.5082,87.7929,139.0769,0
134.9985,95.8599,147.3387,-89.2606,18.5212,197.401,0
59.987,28.5751,87.8787,-20.3331,54.755,153.4876,0
38.6288,11.2014,2.1462,19.4217,43.427,142.176,0
9.4412,7.8352,-5.8695,11.1148,23.1908,239.8898,0
14.316,7.6633,-16.4898,-22.3006,78.1191,262.8649,0
28.7,17.7909,10.3563,-22.9597,42.5318,52.3661,0
129.93,38.311,147.355,97.5116,49.379,218.399,0
108.2048,67.6058,-47.9751,-78.1971,71.6379,322.8474,0
45.1856,10.1658,-28.9939,-36.0296,79.582,205.317,0
28.771,10.1493,7.0959,19.2467,50.347,57.9541,0
27.9343,11.5799,10.4244,16.4298,73.5647,213.706,0
177.656,55.8744,-89.3844,-156.014,2.3331,272.085,0
198.055,42.5451,-233.715,-128.744,57.052,362.617,0
107.104,24.6377,-130.956,65.9027,27.4646,331.158,0
22.2809,10.2002,19.8247,22.9996,22.4196,79.0676,0
35.3626,13.3916,-10.2997,-17.3505,85.0826,191.0768,0
23.4195,15.4552,-4.1531,-17.3484,83.1994,21.972,0
141.629,32.4681,-23.151,82.3616,32.7357,308.032,0
45.5625,17.5357,81.966,-38.1004,54.251,241.771,0
34.3161,12.8095,-3.5192,15.6117,81.871,158.931,0
120.99,37.3676,-36.0091,43.6669,7.854,323.983,0
17.2168,14.0928,30.8072,13.404,54.5308,230.1722,0
141.4681,65.7044,-104.6055,-168.8951,33.4305,270.6249,0
24.9142,11.0858,24.6563,20.0877,33.1452,227.2788,0
34.9699,15.4688,29.0009,30.5621,40.2034,194.6822,0
13.1283,10.5093,-13.2176,-5.1053,43.916,122.292,0
44.7661,19.7337,30.5613,50.1993,77.6086,229.451,0
149.861,64.3038,79.6463,154.96,62.744,75.9893,0
25.3972,14.2542,33.1223,-7.5952,46.44,185.932,0
13.3675,10.4811,-14.646,-3.7434,78.458,99.8211,0
24.4481,10.0887,3.0357,11.5541,73.0773,117.5153,0
112.1047,26.6977,-53.0038,-70.6654,18.4025,324.7103,0
29.9771,16.9636,-1.7394,21.4163,10.579,237.559,0
28.3653,8.8107,12.4138,25.6345,50.3175,150.027,0
25.5681,7.4485,-4.4429,17.1056,9.8852,115.1498,0
149.8522,46.9361,226.8701,-120.6832,60.4394,155.0349,0
17.763,7.0232,-6.8579,8.3954,67.345,185.682,0
20.7669,8.8377,-23.8245,-11.0169,55.07,93.5079,0
56.6019,25.0266,67.5099,24.9611,77.1579,171.739,0
22.1955,11.3092,3.9717,19.7209,36.08,46.6431,0
39.6185,11.2531,14.9827,36.9685,6.6547,168.3306,0
17.5673,8.9286,2.7447,9.885,68.1852,199.9041,0
147.469,57.9305,-104.576,-150.179,57.359,282.838,0
74.3027,25.0515,26.8003,-33.0678,53.4656,232.1485,0
112.1475,22.1891,25.9059,76.711,9.6688,177.1615,0
31.0771,18.1839,-5.9339,15.2866,37.0526,141.625,0
205.9707,61.8022,-242.3602,-163.3736,21.546,273.9756,0
15.3404,14.7401,-5.3281,9.0276,64.4174,220.1388,0
121.5846,24.0051,-82.1125,-117.7839,66.1716,56.4439,0
207.617,62.3419,-123.748,-138.922,6.381,218.13,0
27.9888,7.5279,12.8951,-6.5693,46.9345,236.984,0
36.1991,0.7291,-25.4511,-17.9863,9.5051,135.8077,0
188.5855,59.1796,38.9107,-138.0467,38.1402,323.3087,0
51.2637,11.81,29.511,-24.8424,77.258,155.03,0
18.9361,6.9726,20.0525,15.8158,15.4364,192.8464,0
154.583,46.0362,78.1719,169.773,56.935,200.131,0
154.9463,129.9189,-86.7823,-78.4928,32.7688,277.0945,0
78.4068,54.3684,11.1058,40.3272,63.3984,278.5333,0
17.4338,14.7142,-9.3392,-18.2262,89.8463,180.5019,0
69.254,34.3016,-30.2818,73.8184,24.9091,279.9318,0
145.881,23.2215,-142.994,-53.8782,15.535,186.728,0
102.346,12.357,60.5695,94.1301,20.689,194.181,0
121.9922,49.4191,-92.3146,41.9003,12.9456,327.1798,0
45.214,6.4831,34.1133,35.0169,0.4413,181.4927,0
25.1112,0.0,-29.2831,-8.9276,16.042,188.039,0
33.7801,14.7812,-34.2524,-19.3872,66.755,144.69,0
57.0238,23.9562,14.6428,45.77,14.005,178.182,0
28.0432,13.3305,25.9683,23.8016,15.4782,247.2282,0
70.0385,8.3089,68.9882,49.5583,39.0935,202.874,0
23.8885,13.0496,-12.824,5.5116,77.7958,52.9474,0
124.302,15.3827,-68.2078,-135.333,60.4552,180.951,0
19.616,9.3591,1.2377,-7.9044,19.615,193.498,0
33.2553,12.9241,13.0698,9.245,87.0983,170.38,0
80.596,26.4271,-63.9964,-77.8729,45.2636,60.8011,0
17.3053,9.6993,16.3859,19.729,7.7583,245.5844,0
25.7838,13.3367,11.6139,14.928,20.3804,148.372,0
58.855,41.3512,-22.839,-22.107,8.8702,226.6265,0
16.5794,10.1502,24.6394,11.9279,42.4078,263.5234,0
48.8179,11.8139,34.9309,40.7307,18.7259,132.2972,0
69.7676,18.9821,-44.5832,-30.7591,33.0052,303.914,0
75.3789,17.5402,30.4427,74.5714,79.8306,218.14,0
16.2414,11.6275,1.9824,-5.9228,73.705,95.0327,0
65.8319,61.4044,-41.89,-55.0792,11.356,353.09,0
27.2843,11.8845,18.4265,3.6565,23.9358,42.555,0
61.5879,13.3963,47.3809,32.0415,84.9996,225.928,0
18.6126,11.977,-16.4089,25.9387,12.3708,42.6167,0
67.0759,43.4113,-31.7024,40.2352,89.4816,324.121,0
20.2907,12.5585,14.551,15.3643,42.537,214.279,0
47.9518,27.8077,52.8676,46.9569,52.7577,94.7359,0
37.7642,15.3805,32.8503,17.7065,20.4875,248.0616,0
20.6204,8.7072,-19.7423,24.1898,39.6851,205.3396,0
29.9916,11.2395,9.2499,12.8682,4.1274,94.8653,0
27.1305,19.4693,1.8717,18.99,83.1739,146.7986,0
40.4736,27.348,37.2395,34.0363,32.3135,151.649,0
297.1239,111.0237,-291.9184,-269.2064,41.3357,232.9571,0
31.6176,14.2639,11.2686,23.2386,54.251,260.434,0
188.4315,40.2437,-136.4353,-142.1801,49.1373,92.9174,0
21.8895,6.5928,22.1056,14.264,68.939,67.6746,0
89.243,42.4041,-74.675,47.5786,70.0233,287.039,0
69.4358,16.0666,46.1161,71.9623,78.4354,161.377,0
33.6546,11.8162,-15.7302,-18.6781,82.1892,202.0755,0
103.7022,24.6138,8.0278,58.9876,28.8291,326.0969,0
90.9389,24.6202,-8.8151,-76.5331,10.8246,357.9234,0
20.0302,9.8235,7.9487,16.3175,24.3,177.565,0
20.646,9.5423,4.0757,-15.1579,81.0147,104.654,0
