feature_0,feature_1,label
-5.304591651029255,4.939083530003264,1
-6.063244923271359,5.741644846613835,1
-3.683140985424811,4.910928996495354,1
-5.484701983998368,5.398122227912526,1
-5.901714444814685,5.864464775920099,1
2.6572650797595068,0.22159117274879953,0
0.989168852624608,1.9422430776712232,0
-4.794107670338585,4.9545911787572985,1
-6.753725512765496,8.787836206288507,2
2.4375754806517897,0.6663638013802976,0
-6.394405190456964,6.273436896001333,1
0.32879384087798685,3.396297542028807,0
-5.835139665853009,7.978959260063662,2
-5.394728990874357,4.940382382798777,1
-4.9870530259120684,4.997268031396532,1
-4.518011658201004,6.432212826589015,2
-5.43302124669972,7.582730889895913,2
-4.866944838527473,3.7505080934969035,1
-3.6794209068045975,3.3080687609700927,1
-4.951714351267269,7.034333542918902,2
2.541581261768126,0.6882936192287444,0
2.597583368174343,0.6774063477138804,0
-4.13295779095915,5.025298669418381,1
-6.28878340029618,7.598053034283625,2
-6.467376044751486,8.343033636429015,2
-4.815365973285929,5.426821021501833,1
-5.750295309512436,6.031175493764236,1
-6.178111580693173,5.742904467481375,1
-6.328139378072347,7.775656282082731,2
-5.167112152370487,6.532390510458234,2
2.4252838655743263,1.3363442685433633,0
-3.8982160893728253,4.421580654730537,1
2.6954981082239446,0.33028581880256025,0
1.1249547823306896,2.141851100699498,0
-4.862088204145102,4.09734648668111,1
-5.188268502403573,7.5216040807436295,2
-6.6910677901797815,7.488992160638707,1
-3.7452611101285798,3.8393752921309883,1
-4.545660418226975,6.679745176596212,2
-4.387507236723888,4.647902188894249,1
-5.444895227771619,5.840278246037919,1
2.6136151015585942,1.280922338844764,0
-5.2052706105275055,4.683517968989119,1
-4.774427116791993,6.145851588924109,2
-4.883217700634858,6.282997805711605,1
-5.551576489057801,7.78157805509905,2
-5.221346939754614,5.798703269606239,1
-5.736885552031743,6.132469522712858,1
2.7550934179378817,0.9189622730701407,0
1.6897714588878538,2.4211774441578053,0
3.5649600375421375,-0.6888723083520131,0
-5.718803288002293,5.444851398916941,1
-4.468922995479115,3.8855944797227533,1
3.007354382547357,0.37793461534662576,0
-4.926803722955591,5.315254783999545,1
2.8792039535474343,0.7744962861284824,0
-5.401707231608027,5.028966693504697,1
-4.922649486402431,4.24038208233137,1
-3.877253336241845,4.930026426288073,1
-6.865159964759896,8.772767832934619,2
2.7619679134571773,0.5482214313093777,0
1.6898362671006806,0.3564535056194563,0
2.7847945552039026,0.4299100916033817,0
-4.487964467059346,4.900008087057282,1
-5.362515638484527,5.368100175268281,1
3.12634911474439,0.09527215333814455,0
1.996869336409118,2.1430462178548733,0
2.627901575777058,0.5849871755636268,0
1.1652846537113501,1.9686645479646512,0
-6.631166978401144,8.623899865078396,2
-5.6604481165486975,6.406491540040093,1
-4.180942823474955,4.681370936980778,1
-5.732681697922781,6.055274591326465,1
-5.208308983544001,4.757688108765431,1
-4.935128214016622,4.583682832464148,1
1.0458078295559143,2.5817178730360406,0
2.083804197541368,1.5441335018349232,0
1.5154866712965112,1.0142552871663666,0
-5.557595722532105,7.805996720583579,2
2.6245686372915387,0.6422448516541392,0
-6.40684586053098,7.782011500616879,2
-5.3829813019731425,8.031880629823432,2
2.447580305145991,1.3635597146895213,0
-5.501560018896231,8.434187531415576,2
-3.6897747389161206,4.345340995938456,1
2.976545892893318,0.6531727851822902,0
-6.024134940641362,6.162763013438528,1
-6.410492827532772,8.509013584210157,2
-4.370686754668659,4.8665429459111715,1
-5.090930399954408,6.3362964266988975,2
-5.957268065949901,7.941746104422602,2
-4.291952333257067,4.335949229481875,1
3.7704292275050877,0.23970626991610453,0
-5.772972081689308,6.138798837682948,1
-5.886336472775137,6.707172427480689,2
1.8349606611688976,1.2353668782793974,0
-4.183566360662067,4.2801143219564555,1
-4.668999381899288,3.6787934323313136,1
-6.155287970488012,8.3349946981401,2
-5.7438544966543095,5.6090948114421115,1
-6.080132509425565,7.523785783492534,2
-6.308195488108479,6.073902471256045,1
-5.706519263213963,8.178575925157096,2
1.7288614996837348,2.3590589082586866,0
2.7141285238024575,0.601575370930358,0
2.207651675066106,1.3236830758344853,0
-5.3484281514327146,5.490275127303933,1
-4.884280555596285,6.361086678394093,1
-4.829845891206822,6.919361249812267,2
-5.482564045339936,6.122315542065267,2
-4.982304865749535,6.39779489508088,2
-5.784866683714337,5.529420776046173,1
-5.157441000277547,7.2542185414996,2
3.0718088970037165,-0.25720109790188744,0
1.9045119061367326,1.5421098293124522,0
-5.738192288232192,7.609431003487228,2
-6.223192316668957,8.504904093427685,2
-5.696386227062437,7.5589038000657585,2
2.4713764588639835,1.1213022652344586,0
1.4364437262422578,2.0365462989552556,0
-5.725440206403289,7.756107328782455,2
-7.0983927961848465,8.980094081056032,2
-5.055547569228648,6.491782305980795,2
-4.696229877762041,3.5161947914671883,1
-4.651649788853688,7.590665251743641,2
-6.118821028993759,6.94599469417763,2
-7.0395756732802255,8.534737870609975,2
-5.025347493108193,7.512427246391495,2
2.427124677090871,0.854271679279299,0
-3.863788946453549,3.814089392823447,1
2.6285861775636605,0.36923949361931446,0
-6.203302958687533,8.727019567509833,2
1.3933828145914564,1.1980164966201132,0
2.2702774312811416,0.5177712019187111,0
-5.7010982613931365,8.73073851487374,2
-5.436954003143221,6.670103439440168,2
-5.9074280298146995,7.6398067489330375,2
-6.853422886663118,6.553702394529041,1
-5.833601220112384,5.562269054775307,1
-5.069838761983691,5.144779863567052,1
1.803392149704578,1.2076394304952724,0
-5.52922027903068,6.793544393233504,2
-5.269439465565504,7.595162477048735,2
-3.985312600742364,4.666269479748984,1
3.173710818154404,0.5168189124608036,0
1.2630724784034961,1.660911619968433,0
1.7314647373051466,1.6344820166261793,0
-6.264599195495401,7.422209866297411,2
-5.138296970552862,6.964742403115357,2
-5.522497370130995,7.304759010390047,2
-4.645364388729591,4.749192029841585,1
-4.881499201666388,6.448178605842579,2
1.928318982383728,1.7265438085575522,0
-5.052208600050003,6.716433508636028,2
-3.6463358329202733,4.235922606776006,1
-6.376164029359919,8.773651496113219,2
-4.6192978879188935,4.295924485353756,1
-4.596149587200272,4.398190333300521,1
2.5931930116516977,-0.05554279153017027,0
-5.984915150906759,7.289853491394923,2
-4.135468223173448,4.808122838749776,1
-5.242149672201911,4.61151375572592,1
-5.502022597453634,6.901749786631665,2
2.260295623290417,2.2827417509172414,0
-5.140484961028001,7.638327605916917,2
-7.025710601024535,9.242840806378084,2
-5.475062588584959,7.413547316335746,2
2.7928970977171206,0.957722011720713,0
-5.792915296559786,5.594581094948164,1
1.7965548907330913,1.4422969165405193,0
-3.620472019003164,2.4280451063945057,1
-5.837909274974546,7.768860941317776,2
-6.439719694680505,9.078576556998506,2
1.9465583557734596,1.1397136966577526,0
0.6194880274201954,1.775923324939058,0
2.146486598745566,0.6453198448262382,0
-6.480917332396604,8.317980987037187,2
-5.259122074208635,7.341822230962607,2
-5.122350677652846,5.231586121767734,1
1.765271322728989,1.7538036392266447,0
-6.166621338938123,5.807086143774408,1
3.170084144574862,0.4422850920192294,0
1.3238001871682854,0.6005418229511782,0
-6.4057140812034135,9.454238120628533,2
-5.718796768353694,8.0597641305139,2
-7.141567732416712,9.720535667247823,2
-5.656745062276246,7.08797619909154,2
4.661113689570039,-1.2660058364874716,0
1.5445520839587241,1.1590615502525234,0
-4.661731560594678,6.274034181743461,2
2.3125786402788067,1.3769829626565029,0
2.101874866848854,1.4273985049435842,0
-6.096254037271748,6.130152206568028,1
-6.286546572998163,6.050036194541577,1
-5.398779822736642,7.6697494381114435,2
-5.593453300963189,5.749385816508622,1
-5.844252109921189,8.20416302684637,2
-5.555872995925224,6.127458383972731,1
3.173088919867129,-0.22341520454865194,0
-5.262984424691806,8.136921560888819,2
-5.710120711499371,7.52003239697979,2
-6.269705909513582,5.209847629056983,1
-7.188688694928603,8.456440927453228,2
-5.155544730470816,4.480327295502327,1
-6.5199060344428,8.345461603729158,2
-6.546523496267738,9.693296276909619,2
-5.589077885207604,6.026622659757465,1
-4.462647089291779,5.692707768489964,1
-4.905635314943232,4.51329382533998,1
1.8490119472007287,1.4589789922587948,0
-4.887307824025928,4.517155949459428,1
1.1806754466643596,2.0472813173367115,0
3.4529238784381806,0.17886481136069193,0
1.3733474957433525,2.175785819587057,0
-4.715343686229194,4.692842065854677,1
2.890813243654131,0.6873736411795233,0
-4.785966617496312,6.880343777109315,2
-4.922994175510945,4.770039625632995,1
-5.640022376754587,7.679908439057388,2
-6.078488161803547,8.230536132034553,2
2.419894833600556,0.785362756098028,0
1.3127144550073835,2.482196148312765,0
2.6688530428323576,1.2825246582129222,0
2.834315526620741,1.3796320244491704,0
-4.826647525167868,4.359930342703772,1
-5.8073219029149685,8.239491163118826,2
-5.045135501105438,5.428440248337924,1
-3.8534489645119203,3.994845481593398,1
-6.931548804434055,9.322914435862463,2
-5.176792001022235,7.191952418604205,2
2.7779711897595196,1.0646501476474755,0
-5.355561673382127,8.368749876719782,2
-4.601174191284621,6.677424119585588,2
-6.727350206100625,7.954267836734084,2
2.5205161336572166,0.8209224048474429,0
-3.998351644634087,4.48450337954658,1
-5.836488258038951,6.985500336250038,2
-5.049539955452317,8.147416684818177,2
2.4294691325008895,1.4883349390102725,0
-5.74876622025066,7.187191252086224,2
-7.426755359961529,9.42899517618702,2
-4.552959193891201,5.087218980225257,1
-4.497434313283981,5.08831398624831,1
3.723184350988944,-0.7247101146463173,0
3.2173155986629207,-0.029396514287061602,0
-5.988793903187277,6.233729141043572,1
-4.972769521347877,4.707491202188044,1
-3.747149282098634,3.5998898781334514,1
2.509681935238257,0.5841111760021489,0
2.7884894943502645,1.253196054844564,0
-4.543788727690238,4.51425216210519,1
-6.359956899333645,6.065708020561844,1
-4.308872196332366,3.6458539984253115,1
2.3052220910958394,0.8873989444197806,0
2.1599084638217985,0.6088385343772242,0
-6.308985376705551,7.9657389027984005,2
-4.970465181677856,4.746602850199779,1
2.3909622062071856,1.2997466146768892,0
-7.067936654322999,9.119670819524574,2
-6.486287044116454,6.982261549942224,1
-5.806610588442741,5.972712081581038,1
-5.554409945261561,7.480971767446478,2
1.3558563814685467,2.5943477524786505,0
-4.737855064318705,7.099111653444407,2
2.531862207194315,0.8307998883213341,0
2.894568574964197,0.8529588836667465,0
-5.789990643135179,7.066949951347056,2
-5.369447255379553,8.749737632233888,2
-4.585399030041626,5.614064740963409,1
-5.079778833271808,5.261819033437513,1
1.9076341150992753,1.6212952134524896,0
-6.358202529798407,8.80788785871111,2
-6.1485110316087805,7.978023531271327,2
2.0402602921534143,1.299771072177689,0
-4.702188662500713,4.813955364707199,1
2.6528570216957865,-0.25556278871822113,0
-6.328128176808626,8.257290946740412,2
3.3083371353156914,0.8967227238069262,0
3.039882272939967,-0.5535426695826835,0
-5.199198032525974,6.518509965918496,2
2.202141655457434,1.40161177579803,0
-5.3960877927992295,5.56509747626056,1
-5.707125251179428,8.185009455700847,2
3.119896730399286,0.15861990871569523,0
2.160384354928855,1.4881374867216772,0
2.9810805312817714,0.27398610117447725,0
-4.941902324135007,7.313047754935483,2
-5.522819651022044,7.559491103368413,2
-4.222910992363803,4.762941749522991,1
-5.961968218083359,6.386676993029795,1
-5.0014328374612145,7.998368249032469,2
2.006097233792083,1.162992238571086,0
-4.6794792106526275,7.183414192773445,2
-5.502136439593323,6.174782690640635,1
2.3524203135380803,0.478877084987042,0
3.660884472148279,0.4245798107934844,0
1.9141482586420457,1.1277737589867443,0
-5.061523226798244,5.99557411972663,2
-5.241111184771911,6.057895195444109,1
2.3541120580946826,0.9538233099535839,0
-5.300256959529095,5.508348704484295,1
-4.452871958182582,6.837875213154148,2
-4.388966671202029,3.842414185614933,1
-5.6471142537096215,5.421971460023403,1
2.4931137982619713,-0.0224428903404749,0
-3.625177429146713,4.746340554639305,1
2.6112014993481893,0.5642635036775637,0
-5.141130603619649,7.348506992753434,2
-5.568472456036215,8.616958087636696,2
-6.146020376762324,7.5467636494307575,2
-5.453713871566472,5.727713170192234,1
-5.677982419940692,5.85312372504274,1
3.069181057075388,-0.7842778299394485,0
-5.223114395545639,8.015871033332315,2
1.1897132615219264,1.2716814015592548,0
-6.588862677412725,8.20152477570587,2
1.9302318711352249,1.7881531503798658,0
-5.45228310449626,6.3567294503174425,1
-3.8033366791341385,3.8002241073989316,1
1.6374921553269803,1.3484579084695874,0
-5.36456079381093,4.884157938668273,1
-4.162377051845783,5.126068580382226,1
-5.462722127009161,7.308732007113847,2
-5.2821009506412375,6.295658076909265,2
1.0564274704722854,2.5386326010908355,0
3.3806529185393766,-0.007698721227440567,0
-5.830299852597448,8.153978180376816,2
2.964673397398282,0.38807615064297085,0
-5.690019100736884,5.088994123770382,1
3.204217206840253,0.7193065862833172,0
-5.010425304107689,5.207876482165409,1
-7.027882917912952,7.312836061919488,1
1.3240534455989494,1.474116324420536,0
1.618205823926899,2.1389308462676544,0
1.6923867885802075,1.0808679808855008,0
-5.18338100906519,6.735315267925688,2
3.4598605227167125,-0.19376082057395944,0
1.617515828831015,2.664682778675222,0
-6.903839239150006,9.97747214934488,2
-4.855019722708146,5.338844654607455,1
1.9707821731570314,0.8760582335234138,0
-5.783057084768181,7.287676784320243,2
-6.525732758547737,8.146801171254868,2
-6.067029150161865,8.230865302687606,2
2.451356289385572,1.5182711215241753,0
-4.308666161611382,6.363388619578349,2
-5.788904371141884,7.9798400992720255,2
2.633924288357795,1.143191540614382,0
-5.533575382881222,7.5917990045202695,2
3.2850359336210686,0.2905603096073698,0
-4.843689147699413,4.184695989636865,1
1.8244316891429857,1.5385375680393605,0
-6.6113657187263195,8.335410614022003,2
-6.0881262340325915,5.856161698688016,1
-5.754843239221811,5.772648020798688,1
2.7084548028045647,0.11518906827743562,0
-5.153342556451398,7.917525114228369,2
-4.059612439917303,6.407693908452441,2
-4.838458051905964,7.010532870928065,2
2.1216171295742106,2.024611748339693,0
-6.239807400225637,7.189263378550343,2
2.4237851176833938,0.6213629555101048,0
-5.789243480729374,7.869172336347477,2
-4.754924244460893,6.951876049702286,2
2.3324095200188477,0.45431108647262464,0
2.8410143905509453,0.9127756713065027,0
-4.559414382426151,4.465441827919653,1
-5.926802941419685,7.295479467912444,2
-6.210220951706932,8.354921293800803,2
3.4387511077452584,0.7776307510304381,0
-5.773503130190686,8.117640080445673,2
-5.539358030072623,7.806492285127359,2
-4.02705004384814,4.0421321007808855,1
-4.49904257888727,6.514304043019188,2
2.1086183902391467,1.2765525373747453,0
-4.3435200676078844,7.014422893834461,2
-4.073094218778066,4.062150049466744,1
-4.910453237350273,5.814054760102057,1
1.7179172722536544,0.6458374439354612,0
-6.133672332164944,6.100630392961309,1
1.2922352254940126,2.6696110965545823,0
-5.079896760890337,7.190535491625874,2
-4.508338211123996,7.857042034960096,2
-6.5732291085762595,8.498142512151459,2
-5.12450971801065,5.260503084132825,1
-4.470163555472256,4.219649739747454,1
-4.2676891344561545,5.8683297295187105,2
-4.9306784594744,5.202494841668685,1
-4.794635709329516,6.654637573410228,2
-5.951398623170537,6.98642329220951,2
2.648027356385955,1.9314338046319444,0
-6.06472700973227,8.244873200219583,2
-5.940672671840553,8.18283906866677,2
-3.240712803034626,3.7515913688587754,1
-6.5405566780181985,7.66636371560205,2
-5.322527183254557,6.436063077520725,1
3.250170753764933,0.610652799236803,0
2.922095471685542,0.286752259456018,0
-4.555171051264551,6.983080215198608,2
-4.889262514603147,7.283511505736224,2
-5.782633696444578,6.009606378003658,1
-5.487973907018622,5.040513516580432,1
-5.735588567014941,7.933185403647889,2
-5.557086262097477,7.3725371884489395,2
2.365547698721926,0.7392697999715163,0
-4.591506393337045,5.998649506122241,2
2.9466625395167845,1.7371774205328143,0
-4.151989167554806,3.895486031759738,1
-7.323655478431402,9.286170814972508,2
-5.758072963734857,7.650251779599606,2
1.4325160753009842,0.9860487217553284,0
-5.4092395056698015,5.6093153197048515,1
1.3620872627889238,1.5400104224216964,0
-6.2091410287728594,8.844683709208576,2
-5.9713812324642905,6.605467659166224,1
-5.619180541300929,5.658053476434542,1
-4.485070825080565,7.1266940945949555,2
-3.775629482166633,3.717404752188616,1
-5.847568252358959,7.0122649803678065,2
-4.297483702171143,5.409093835791861,1
-6.19970725622675,5.458341184963101,1
-4.557349736206247,5.095390971980552,1
2.754339193065917,0.7699556297806167,0
-6.893708665078153,8.800248838174468,2
-3.9171858894230045,3.4647344303802954,1
2.5993124000639876,0.20986487222845443,0
-6.5555095856212,6.163302222274929,1
-5.521027312560348,5.345860056828775,1
2.1757306993619334,1.09007313292182,0
-4.286605941535402,4.568098416043566,1
-6.0289275654136665,8.3298760487621,2
-6.141665640466722,7.230792087764672,2
-5.530478932555672,5.5793803630750425,1
3.3547738515609495,0.2798222254097386,0
-6.610050963636117,8.817711116929674,2
-5.337953073002378,5.152521918558356,1
-6.938557874317916,9.07329122336629,2
-5.277792689379816,5.61354270968809,1
1.5471637719899636,1.0275855889739727,0
-6.15313734438599,6.098953694925667,1
-4.086781058989056,4.626449126286344,1
-6.459921426581778,6.4938742103266485,1
1.758607572190434,0.937331397068171,0
2.0196752536237543,1.138106264729191,0
-4.7553850599451195,5.00374935433848,1
2.436213280196778,0.8648834975018225,0
-7.370509888780667,8.21299460515792,2
-5.689628253579402,7.31531345639056,2
-6.130342832605535,9.183849237305052,2
3.292599603357483,-0.6146285224963256,0
-5.843703431771189,8.162601667861303,2
3.2866688442469574,-0.6139126003025339,0
-4.074424768816781,3.3167156431213694,1
2.494222736521016,0.6733111623654844,0
-5.561159624050645,5.695270097321357,1
-5.9938769120502515,8.066547634637402,2
-5.770104548432822,7.523814211259864,2
-6.199581353004252,5.476453432074422,1
-5.582734313617328,7.430751679517472,2
0.5103604010913132,1.961721637634273,0
-5.520570396448507,4.4909084878089685,1
-5.658451595407557,7.768830020531485,2
-5.291441742170194,5.332351794034891,1
-4.39835263153773,4.593959984077187,1
-6.600546963368343,8.419080018306135,2
-5.246190993597545,6.760777418025184,2
-6.1113360012430915,7.374039731691833,2
-5.606242475434998,7.852940092706515,2
3.3836658801891195,0.1101776844639247,0
2.7690675899866175,0.09236921906189341,0
-5.804457857195678,8.858451357305768,2
-5.134454080543827,4.578668700276592,1
2.3537594333493477,1.5104869249031443,0
-5.433079486443861,8.517694171504417,2
1.7815696172318878,1.4093807493946116,0
-5.295610865968367,4.986554366396191,1
2.3833170278479745,0.9340616590937841,0
-5.050092709315322,5.390528858110479,1
-6.359384977095116,7.1204734140581225,1
2.918657455550352,-0.19339074287896993,0
-6.020784364206023,8.39717198519439,2
-5.805883830555984,7.542808918397733,2
2.257573426039733,0.8831744274287274,0
-6.003299683752344,5.394786757690471,1
-4.977946473770959,4.400156110265358,1
-5.591351646785569,6.954248358701539,2
-4.835765042148741,5.475024869636152,1
2.445395394475302,1.7206743938927376,0
2.9049995525827934,0.43200972288091943,0
-5.886342029138031,8.47533247813831,2
-5.654573000200463,5.9449391836909555,1
2.225399591330691,0.5956563620064907,0
1.0893240948747516,2.2628886232354772,0
-4.738551219421206,5.222081374702704,1
-4.671488741339687,4.46288550014481,1
-5.451085141407992,5.218191870691322,1
-6.953304573324635,8.556307590851628,2
2.4351596834671523,0.21955022242483585,0
-6.490637748281391,6.6171183220708905,1
-3.3153869819684605,4.23211024898917,1
-5.034044464354966,5.234221456074756,1
-5.096494414725427,4.233390317549416,1
-5.12724378305148,5.096154639004588,1
3.6904631933460483,0.5877928464790102,0
-5.269310819542824,5.602091813279389,1
-3.38037664501794,4.349189401848093,1
-5.333105355454988,6.878584563825717,2
2.4150072749146125,2.223283902301862,0
3.2064439261774744,0.1921464407912125,0
-5.5620656781395645,6.476119482758873,1
-5.302933344312404,7.591893698780758,2
1.5305209801058146,1.8506887658221722,0
-4.539194561846934,5.100280517572477,1
-6.745056268364644,6.237994182578572,1
-7.091492926488855,8.80451519423826,2
-5.744868571777637,7.386834391784274,2
-5.55228470327204,7.862347313276432,2
2.755952409125896,0.2343292540409705,0
-5.606205246716807,6.201762337743775,1
-4.903988635004045,5.214578301009221,1
2.5080265150053735,0.9251784434483633,0
1.553722123776503,1.9803419295745808,0
-4.953578524866863,5.27617430046604,1
-4.0162937768985225,7.18676062481465,2
-5.068109105027914,7.01250098542134,2
-4.302291760354387,4.720970281752435,1
-5.290023571495601,5.9217687622556365,1
1.9725997709402028,1.126973074314049,0
-4.63314302573033,5.2885666006874015,1
3.5016511756438864,-0.3291878823116902,0
-5.812823208592636,7.695567026256472,2
-5.037221457389187,6.024329869054266,1
2.1969661841508348,0.7813317736410125,0
-6.052963981151732,6.5529576808820655,2
-5.531737391185798,7.212947790098555,2
-3.8086347607502753,6.716047858470682,2
-5.233512393054051,6.915773663660971,2
-4.882666792610365,4.816059197580778,1
0.61193222195733,3.034588944168393,0
-6.54048385960788,9.199948447383619,2
-5.711520064800363,7.933278832586951,2
-4.718034567258279,3.834331631752286,1
1.5063854595043598,1.2044231376216827,0
-4.7011434033758865,5.643124914804006,2
-5.358653872626786,7.10032755032451,2
-4.9106240924907745,4.869421208612242,1
-6.246032577223952,6.4807097504429265,1
2.511177938097205,0.5320554256287078,0
-6.324565898172062,8.061768957134042,2
2.9550303904749953,0.18897198509948535,0
-6.331198975163332,8.318998633637873,2
-3.508486215166748,3.740501440691462,1
-6.241477866659523,8.024147344204337,2
-5.332376554245011,5.8530774636331895,1
-4.972559383066032,5.203898397039392,1
-5.363732093654634,6.502281871475786,2
-5.413096249915091,6.519531412141343,2
-4.076999556039117,4.584691491876966,1
2.2144739898130457,1.1634838260935438,0
-6.4545263876575145,5.456112975189022,1
2.3456908205010754,1.0752845628321088,0
-6.718740216687938,8.520537075184649,2
-4.820226837894126,7.344660600297179,2
3.6502120031739915,0.08787491473891391,0
2.089667892135344,1.709243514271804,0
-5.1406970461879204,5.881595964514408,1
-4.94137748271511,5.557246168567381,1
2.3061866530163044,0.8475986881988721,0
-4.5124353125726415,6.98798275851215,2
1.6940492315664648,2.1419335647222995,0
-5.332760673396283,8.14306870430698,2
-5.234210749682469,5.647554171882682,1
2.0115691593214606,1.2258547138599059,0
-6.583255463382344,9.333418604605974,2
2.0133977488414474,1.3445361301434173,0
-6.708460784175408,9.474208533831455,2
2.6831394969547966,-0.04387433967799111,0
-4.577779280076819,5.390499663058819,1
-5.612388285004525,6.972981231568942,2
3.6334287962698713,-0.9100867881670642,0
-5.491985354018154,5.542002889603648,1
1.8449606183073346,2.1261569644384624,0
-6.099156574491223,7.800186428176446,2
-4.674368507939357,6.857966590591127,2
-5.723328812100107,8.377417760675774,2
-5.490276665479355,8.22898620278993,2
-5.2948209964714,6.746594073125158,2
2.220317243727203,2.3470852180860686,0
-5.517456408453408,8.286568141641041,2
-6.202525930000877,7.598977861178316,2
-5.599715853445634,8.058264741560196,2
-6.002935267326953,6.702680386596702,1
-4.112029496801136,4.761415394722201,1
-4.067843870470546,4.420971019817543,1
-4.789290099456134,6.953740190733011,2
1.499366209654817,1.7495351149298315,0
-5.572958882993836,5.336609282152472,1
-6.634964432892136,8.127618425221481,2
-7.432408505035048,9.854366468725203,2
3.1856547219535236,-0.042148609996969386,0
2.0762797457354796,2.4817984685451253,0
2.170886938977845,1.523089800618511,0
4.331273158564491,-0.9486141238983973,0
-6.16671108001008,9.133603372587151,2
-4.065957949701307,3.5234802863255266,1
-5.869636989112494,8.12370993300474,2
-5.898383008017044,6.800017415805433,1
-5.86338581404739,5.55744240532394,1
-4.567995085163166,5.155441636409707,1
-6.432453919918443,9.16858412342829,2
-5.564886170842232,6.0075011277711505,1
-4.61539936395268,4.048148835986837,1
-3.6382941997450184,6.527551676222891,2
-4.8143152491172625,5.190271535213895,1
-4.802454334639654,6.98077933035133,2
3.417919968483367,1.3298128799625402,0
-5.383633871939716,4.652723282920362,1
-6.452987313243582,6.15130226945188,1
-6.467284914698021,6.953582866632744,1
3.308540672715955,0.46683333874312677,0
1.8760002736286148,2.333176288901392,0
1.6628715898532636,0.6272320290994198,0
2.818279713229993,0.22128302848234285,0
-5.481322712590301,8.571836212575635,2
-5.13689537851063,8.186068508134575,2
3.1461195550878402,0.5751240378359587,0
-4.904572180609772,7.661355701246119,2
3.492324144072894,0.5011042466053065,0
-6.392336966181871,5.176116810565838,1
-5.808816502127131,7.332446628533734,2
2.0542805402417237,1.4128257653943712,0
-5.791760032239977,8.264495109675146,2
-7.1477982468198205,9.259453658469408,2
-3.7078810892565293,2.8973026805958972,1
2.6103028758599676,-0.4987748475567737,0
-5.018855177606644,6.310615199878299,2
-5.2106948619244,5.5184528819739,1
-5.782300386125461,6.263008048539413,1
2.3593421829579984,0.6901532597709259,0
2.784071125987804,1.0756804103301405,0
-5.037476515482581,6.404786376920675,2
2.1455913943653613,0.7846511281327827,0
-6.514286041006438,5.864355170370941,1
-4.985194389879323,6.65491476001896,2
1.9655664933050108,1.3529780929390884,0
-5.949688385228827,9.167286932589604,2
-4.742805084784938,7.6487874972696,2
-5.617286729590624,7.605940515197356,2
-6.561207481997105,6.805508805603031,1
-6.6792329669409884,8.313069988925673,2
-4.431385321793354,4.875501898076174,1
1.8912966807219629,1.8984175113258237,0
3.47780961456044,0.36898430686447714,0
1.9219610651857388,0.48814893377213603,0
-4.682879759724763,4.401322068298161,1
-5.059463851061581,5.634183387005075,1
-4.310551276937106,3.214723287343516,1
2.4131809800789292,0.9266603481597188,0
3.3603289026375798,0.48144155667100674,0
-6.300098712671565,8.868732669394827,2
-5.22193984762933,5.522488581631606,1
3.6075696912544375,1.245251241111677,0
-4.363306239200569,7.683651012297942,2
1.608952682339766,2.0177529902848566,0
-6.1226641930401895,7.932729670604722,2
1.4751961750526004,2.338520690228086,0
2.391786686541832,2.0221158574128446,0
-4.956590390427378,7.541016452554052,2
-5.892375846495671,6.0301211017522505,1
1.9905432663191969,0.25182218377143467,0
2.638338778331562,-0.1459083704144825,0
2.3213970340099173,0.7770279868201164,0
-4.6629960111308595,4.377460771930453,1
-4.223554990037243,3.423475782062867,1
-5.085508133559834,5.858583683750924,2
-5.425004902574859,7.081227776870858,2
-5.413043439390861,5.15075436783361,1
-6.217900700021796,7.658503496241885,2
1.903651510118396,1.6773984088599319,0
-5.875959042027105,6.1357724008489685,1
-6.905991234478765,8.641947830062625,2
-6.471547999854137,8.02290006473603,2
1.8152750651743585,1.7591056325669594,0
2.5152802376453613,0.25629238598664444,0
-4.266638843535477,4.54215332339598,1
3.1243934375671145,-0.09870442373253739,0
1.692942550764851,1.533331602687333,0
1.6943695752519272,1.5553752954004232,0
-4.96785428276244,5.939842712312849,2
-4.5744492278230515,7.448916792752499,2
-5.245092199002185,4.385420762218948,1
-5.120450440255012,6.927616391719521,2
1.4753318412631058,1.6516064059346043,0
2.072574003348223,0.33490392403856817,0
-4.802868919442232,7.144777362309129,2
-5.583173606542831,5.592891638590202,1
2.402229779485702,0.9805664799157107,0
-6.042861622154251,7.344322325330714,2
-5.974800440813546,7.631846735974306,2
-6.605367074552481,8.01542727683196,2
-5.81849742706455,8.122536800700944,2
-6.371205276010717,8.617943860082741,2
-4.682173777524404,5.342849728855441,1
-5.074798849572908,5.316242358286015,1
-5.803241811095062,7.665512565342477,2
2.7386516576987106,1.896134564979806,0
1.696342264259887,1.431550900497687,0
3.4357291859363848,-0.6867587579617662,0
2.748192625379664,0.23177634335349565,0
1.2253335056332721,1.2766859665704482,0
2.993729540514292,1.2296933547691025,0
-5.326410199198041,5.59667380454943,1
-5.492029675495472,7.045810736551564,2
-4.521126129950755,7.149277839875195,2
-4.686857788922399,6.019633938075655,1
2.9720668512879054,-0.21308300451170234,0
-5.025806319196015,5.610597356373153,1
-7.468011561371041,9.941252699399687,2
3.452690107407175,-0.4692272820538301,0
-6.933915293463012,9.11384730068325,2
4.202617559118261,-0.7315710000388698,0
-5.485127157910803,8.014128064055006,2
3.4540332451269173,0.3336916151881036,0
2.2102029831490033,0.9044646661324877,0
2.3573393838455345,0.8373701790407416,0
1.8126764388293906,0.8290988362009447,0
-5.62066734537146,6.893552745535322,2
-4.048658972791275,4.534274866310424,1
2.0039598506730845,-0.28382138003328417,0
-6.0981259593287,8.079217383079516,2
1.7236663414029325,1.3923747315794979,0
-5.335035639077727,5.581473916866021,1
-6.245351261357159,6.817751850794541,1
-4.830497087339375,6.948990426731071,2
1.611017958342632,1.021430329470971,0
-4.867411530736547,5.140545742220665,1
-4.762924936855857,4.138522202608488,1
1.7026598168353124,1.3356091415275801,0
-4.6939332816214,6.609722336352169,2
-4.297817065513636,3.6221864899227887,1
-5.555427136379754,7.305381192100007,2
-4.309310819205591,5.236267013380114,1
1.9849306255730752,1.0788660743204554,0
-5.860027521402322,5.953359959096049,1
-5.3819686289615465,5.588082333003812,1
2.6295153902788795,0.7225547849055916,0
-4.238303032356189,4.0063275238811,1
2.320543822566981,1.5333277064450093,0
-6.005171201406368,8.026063971032501,2
-6.214408654995815,6.028379949978524,1
-5.251594014325971,7.023480717225391,2
3.6406088084104677,-0.6024772265061843,0
-4.6218141622826385,4.7734627455915115,1
-5.447524257594285,3.8422027063749535,1
-5.9281640932170765,8.094458445838255,2
-7.328662966309905,8.313871461508933,2
-5.871736125884564,8.127794837854113,2
-4.602020991615715,4.384730490306221,1
-4.82399638672976,4.188246614501661,1
0.36439167016296237,3.2721471820641184,0
-5.131396486863638,4.577134814746043,1
-4.387749977710577,4.654815070658906,1
-5.486685346987026,7.9677048193131625,2
5.418198508532405,-0.9578255808448797,0
2.1557966991367605,1.57371144787608,0
-4.561146704544717,5.163084346229366,1
3.2593480020919516,0.25710227212398457,0
2.795251519604013,0.2504497704928353,0
3.6505112602856085,0.33046998671668376,0
-6.627004588190308,8.239326493746292,2
0.7111733681411927,1.455885813948493,0
3.1586604648848504,0.3687960694028564,0
-4.782831295455052,4.7763713591969745,1
2.534362478511957,0.4920670917082936,0
1.6005150023448043,1.119405690524078,0
-7.102321644387592,8.608846754658089,2
-5.556428309925226,6.481938997337266,1
2.1979893119727705,0.09146740100409236,0
3.0162807596740184,1.056972159843098,0
-4.888878725451656,5.353156489940751,1
-5.0178396255765385,5.153183945460003,1
-4.473238437215084,4.685305068378778,1
-7.045666284210255,9.060362607192369,2
-6.987469159540047,6.395734819385455,1
-5.9277801761019955,5.738497290176883,1
-5.17137065827063,7.577484516463552,2
2.1644478439440165,0.8081137164555152,0
-5.584521580306067,5.2592922938851245,1
-6.658428604126689,9.560758676798688,2
-5.69464829902148,5.814780621824551,1
-5.499944853628733,5.928086108199135,1
-6.531590826272392,8.511857454836044,2
-5.2614300422208276,6.651709469521379,2
-6.175782123361214,7.492144256113607,2
1.7932653156796687,1.478023228203971,0
2.480658017000508,1.1139513464512576,0
-5.308618916055705,4.853384430417541,1
-5.495013438346243,7.6376912982647385,2
-5.5259891054799155,8.002044917079125,2
-4.297101163568079,4.340122042685275,1
-5.308881773780312,7.593777000810808,2
-4.556161454295794,4.746324837116711,1
1.9371907145802434,1.4370393960984509,0
0.8574709284853311,2.1058286657754985,0
-6.747576050091199,5.381551193196214,1
-4.648030957647337,4.309374090239274,1
-5.927765963724969,8.037977216236916,2
-4.70275423925633,4.607790250814709,1
-4.784682813899467,3.857464797942667,1
-4.792349575442085,4.840404691302961,1
2.5707109782402866,0.7031268760427849,0
2.5749074712582267,1.9846686524518753,0
-5.153302116462831,6.988940602607273,2
-4.855571668722283,6.440612153215461,2
-6.860462238211372,6.640224186442984,1
2.3396108351885987,0.8477058538471621,0
0.999851802761641,2.5101838532608163,0
-5.778437816910619,5.9232929137674715,1
-7.54975603753376,9.51208969008535,2
-5.335574766853792,5.983242103033379,1
2.3141234380192253,1.1295258459132274,0
3.5652131087441457,0.5087827560581636,0
1.9662110589196105,1.8803462581973518,0
-5.9198762118711645,7.423750596673301,2
-6.213193432283762,8.19566839920917,2
-4.054804654248563,3.9964538049388745,1
-4.524098585093788,6.804723018753891,2
-3.5510550535614813,4.15852081220575,1
2.703241047969733,1.4225755768600619,0
-6.318264625143865,8.406203329746482,2
-4.763122080401464,6.075459272868414,1
1.5676246925307493,1.7313742573626987,0
-6.793896229069917,5.348977167603371,1
-4.249438064730986,5.378684349909074,1
-4.929057538078963,5.449148668278664,1
-5.795108259263928,5.056243799657385,1
-5.275718152773645,5.510984455503006,1
-5.444441413075968,7.33429555469037,2
-5.772448438728421,7.67782487837836,2
-5.530574541191284,7.775074597379242,2
-4.810315135498108,4.757372911550962,1
-5.936590957624382,7.88525099759305,2
-3.717732146521122,3.362041729940617,1
-7.959201505105683,10.670089097418096,2
-6.625700375333921,8.187154963258974,2
-6.261807974346089,8.342754583044325,2
1.2678057382941692,1.988317865669152,0
-4.827051518326832,5.020904152083271,1
-3.6678660037620743,5.75318812379781,1
2.7975119443216565,1.076974334231993,0
-5.144708410140971,5.312304897108837,1
-4.92770786911678,5.315391722082865,1
3.383974971983417,0.32634755690638134,0
-3.327637386372152,2.4869122498827605,1
-5.918541357579327,7.7845446230378395,2
-6.243345170410147,5.912056589545177,1
-4.817649266168814,4.73142357724807,1
1.984678683675586,1.5034243850007498,0
-5.625370875706031,7.017725958819484,2
-5.450440382331683,5.815441153269498,1
-5.367205407471322,5.708624409586037,1
-6.345345736105277,7.719628325582189,2
-6.71821226926261,8.192656727711455,2
2.084860243513369,1.2995130047654284,0
2.1202549460414173,0.7507098857984534,0
-7.587249036450452,9.713184672271948,2
2.8065461778390812,-0.11507570116448872,0
2.108398389217622,1.2938798448016253,0
-5.49855534313802,5.382414478725119,1
3.1432424199998503,-0.6396785089957974,0
-5.547064649039958,7.398442736690993,2
-5.652546271178055,7.7659281163007945,2
2.10668823558674,1.9438745147935266,0
2.270358269732953,1.369228707312722,0
-5.761170534832487,6.385935607918676,2
-4.199788343093702,3.96157345719259,1
-5.359133287257567,5.26776849711919,1
2.48171296209439,0.7085861331647967,0
2.095773120864965,1.1405761749717638,0
-7.244829268438821,8.565740681057536,2
-5.521715496580731,6.880774344003492,2
2.180379126969325,0.7553870412394508,0
1.8096295732485717,1.3659439166911407,0
2.3316414870621394,0.9751035978681516,0
-5.877372649434085,6.527939831088047,1
-5.359391044393225,5.918417992337027,1
-7.212319596395397,9.889837903478075,2
0.9550537378046992,1.3323003873209265,0
-5.025379048437014,4.636560012861547,1
1.1793002644786825,1.811561830248128,0
1.773464908636245,0.9111478633180637,0
-5.139059965055695,7.817716707185248,2
-5.286275211521674,4.952751997845496,1
-6.028160685750741,5.317908950821838,1
2.0893649653905206,1.9369649133944553,0
-4.847629685882623,3.483153319419922,1
-4.547835566200206,4.8126659208652605,1
2.1086158369290318,0.841760271943813,0
-4.921033957132117,7.39559914406219,2
-5.5479603848983725,5.956684004557995,1
3.265127332325343,-0.23283939950342408,0
-4.46028409568068,5.6995165383405855,1
-5.981665283083509,5.093110975636773,1
1.2685812414504862,1.8151606842880081,0
2.061199662506901,1.2381299331244,0
-4.886104188229344,5.562601731213329,1
1.7279713622078994,1.0246515304482133,0
-6.991768364342489,8.904082424125862,2
3.927763516701967,-0.7975478512590548,0
-5.353927191800567,7.199689162523028,2
3.270931573040892,0.40163368447594133,0
-5.541695772952412,7.830537437430572,2
3.836189492026718,-0.3719748487445414,0
1.6841704078658872,3.0887136679384435,0
-5.8308435646922305,8.540668932524992,2
2.9310595322087045,0.2559826872807504,0
1.5235365348731391,2.5143378571571673,0
2.3317027208776415,1.1474402410973172,0
-5.116580364461445,6.345571377074847,2
-5.212369062107605,5.6507880272234745,1
-5.839087669241423,5.867451241639268,1
3.6239199195501155,-0.1772205789391686,0
1.693508327160921,1.7124638223094244,0
-4.161145995714968,4.545982243901656,1
-4.061591548173624,3.924097899334778,1
2.6859102715585497,0.19876446917748136,0
-5.702995707241371,5.782043777951831,1
2.1967056031310315,1.6133358632421884,0
-5.064555478715454,4.316898629043219,1
3.4906496003104905,-0.5242107451645108,0
-6.777800209030756,8.949955954497142,2
2.2269796728277558,2.0074847716033584,0
-4.813903665127852,7.353786174231074,2
-6.150666108258063,8.817149033724245,2
2.6331830226287574,0.7415187366078182,0
-5.538089386864034,5.247092448057859,1
-5.94299307135333,5.372672571116568,1
3.077810648490157,-1.190291559652244,0
-6.176143535837031,8.680882235509552,2
0.9587330646022203,2.18336701614599,0
-5.781607262228467,5.866329298161446,1
2.7078265412548213,0.5309477350797636,0
-3.744949701765628,3.965271245074436,1
-4.518837331124738,7.194177199483559,2
1.8795354929172041,1.800111509626824,0
-5.107440199915852,7.272325959263081,2
1.7952926913360072,1.1252657095330907,0
-5.663265650839213,7.787938558142695,2
-6.482597180940882,7.335373701454082,2
-4.454747999233131,3.8604666357472084,1
1.7933408516252876,2.0628986574132173,0
-5.590954701552647,7.862385160690705,2
-6.061534206232789,8.639163245909707,2
2.89268209222031,1.2142720462921375,0
-5.842181354215853,7.8988202474299625,2
-6.832440020648236,8.203093843823526,2
1.29220256062633,1.4073663122375728,0
2.7723351471838242,0.7639461657380792,0
2.476593674178981,0.3795456694976434,0
-4.6645430341803165,3.650194796414445,1
-5.310427205290261,5.466725034833443,1
1.4373900355573153,1.631187385701731,0
-4.507828779565892,4.795307374607448,1
-6.646326339175576,8.27515967845156,2
-5.239284667079509,7.552897696772395,2
2.9239100987687343,0.8631614950418618,0
1.9123607751289295,1.9658147197552387,0
1.9767214394622656,1.5382122999442431,0
-5.851893017259337,7.2117346189104214,2
2.1801664510496286,1.0843354515563086,0
1.199933472442497,1.9068325241635353,0
-6.702129163614368,6.304450525856626,1
2.1886036239975546,0.7285194551540934,0
-5.852622647466884,6.02029325403398,1
-6.083494003424518,6.053127026959065,1
2.6001481407904556,0.370307547938447,0
2.7785562152545817,0.23277732751027314,0
2.45309453624093,1.120722333262114,0
-3.913212061033001,3.35803326896641,1
-6.3639734999728335,6.324156876023114,1
-6.97944639280685,8.612546659463762,2
-4.350274255122083,4.8613309121290875,1
2.312342671474995,1.8825237742716185,0
-5.432026659570948,5.508172415193559,1
-3.867533697506092,4.927074963268081,1
-5.5365368490610125,5.898912831385402,1
-4.227386601436523,4.1127989389766215,1
-7.258489105882186,6.952598419464542,1
2.9297162782443875,1.3997083539912787,0
-5.442780366353423,6.999849961109449,2
-4.4657812016283165,4.422854664775551,1
-5.6258942855442555,6.930865845444414,2
2.969180935221926,0.8090241390874229,0
2.2848785344785343,0.7844371280623984,0
-5.516002005955402,7.5907869797339,2
-5.273601605517946,6.550397202234719,2
-5.366090272087454,8.153017237706372,2
1.9092604518710756,0.8168709696133117,0
2.253671768159999,0.7270276449271897,0
-5.873461544375643,7.7126210366217345,2
