feature_0,feature_1,feature_2,feature_3,feature_4
0.9135780114026949,0.525360481819498,0.7249102718360844,0.4360482979725878,0.6300345775424382
0.3405759374211187,0.30115901978544535,0.5782297861695137,0.49812967418398035,0.5795363691499811
0.286660581287023,0.36695783181699526,0.08389796062890931,0.05227637227220572,0.25345712967301626
0.07424685933054576,0.1037747086347407,0.8129284053939371,0.0388736970166893,0.6589427939347428
0.2725577488154005,0.8715456807081264,0.48499228457749954,0.30557645932782573,0.5176389356894345
0.3819580190452688,0.5643010646698302,0.11453286832634824,0.9969905028125511,0.42555587769671754
0.34823063970736867,0.7102098483162649,0.3638994064953325,0.8332743050287577,0.45427072436042526
0.7195584132654349,0.10745321644188655,0.8461191855551118,0.7357179867781098,0.21171677846196568
0.14528600974578665,0.3162923487256244,0.9760705860319043,0.25683157456705863,0.4561272089466333
0.030020225717336313,0.39722752956623253,0.5713200154331027,0.9531246125079651,0.5167360449400644
0.8191073261776878,0.5471276425689006,0.0407850134355181,0.31500827518977403,0.5755495078311033
0.9505939659311243,0.8591303597512333,0.22835561417884764,0.2201098300191635,0.20117296711390076
0.9224988963025031,0.8526661531017207,0.7748834322529488,0.3927351142242276,0.5043807042987668
0.4643317447951528,0.25339810755937264,0.505028046148767,0.030496547852754463,0.13181037349745917
0.8865895961689464,0.7516797670314233,0.42286840905908707,0.5171503622838772,0.36999888595997743
0.7407798671606725,0.7841871792320796,0.7632851902031591,0.7226117248344496,0.20450433869279583
0.3379699792404788,0.4698454349836749,0.3307929914276556,0.754940200158329,0.3293535242499547
0.13823208678533716,0.3990404520483041,0.9799144327823803,0.2258814129335759,0.6121586589432291
0.4329730498397063,0.07102456764932663,0.4878766059980595,0.7021643286483125,0.5132199758278188
0.8721060637465811,0.28893701665758265,0.08624917130396492,0.9365656116580061,0.378196349528219
0.5764055514536334,0.792003126130196,0.3243136638755806,0.7161645381776112,0.13541884981782804
0.29129374720550527,0.1447106361365199,0.8112305584013578,0.22264923522678537,0.7174035554052103
0.9432983972456526,0.527772209068877,0.5400291922606877,0.46103356809781204,0.32589014339364275
0.4756550309249171,0.6028075322667594,0.9859915721706594,0.9377645593182242,0.8621529582931218
0.8891305357048583,0.46784918329204295,0.6574443271774648,0.8950667229362141,0.39295076499135306
0.9617624783454688,0.415786062069183,0.6010826653932156,0.7098047132723719,0.9505920130759383
0.24461627405226605,0.7461309782386423,0.5208155861440822,0.26855714062064107,0.7766068397963906
0.5522222801738466,0.6609738206496758,0.322901068577901,0.481273951827605,0.6173542509880671
0.404910814269844,0.1983725398477013,0.961640492315304,0.5114675400426174,0.7339203702877005
0.4110471935560581,0.35513176402571633,0.407164298467125,0.4091966437856498,0.5441801159419536
0.5434698699813632,0.49715381588287166,0.1347857849174381,0.49607547850053113,0.1691039004206515
0.12613578629576516,0.9326457173411677,0.6049500131477042,0.6594900581245843,0.4017936703333638
0.9089808919148642,0.6379304895796655,0.7691698695235875,0.36856246902771383,0.9600118808191255
0.820461290158315,0.8539484630145436,0.17219426742575428,0.2709632078712195,0.28562659968357706
0.27090922324687117,0.8554081621042879,0.03188479520859211,0.0760999889807743,0.2739148706299037
0.19987297464944365,0.23185961388284837,0.7979431892533,0.5631265938920469,0.0057706612929679935
0.42932276570419525,0.40788492685035893,0.11394526944454353,0.6761417886014571,0.7020971883794911
0.7208932190520977,0.728470945558592,5.282693229680113e-05,0.9539208038467222,0.814208767054663
0.9039816965892853,0.015643295307434135,0.9338587957857394,0.8097885286881047,0.8372191429586986
0.09328738472196851,0.7387780289185977,0.959916689642091,0.6785473414181606,0.5705614046246065
0.945629677748997,0.442937121734436,0.5992935663104787,0.4763382934943662,0.9328462213602992
0.07608472676550726,0.5011197008253482,0.6869524413854383,0.7919065384222369,0.5830186474441363
0.908917744121454,0.9419914468838717,0.06431922319358352,0.40237053954137436,0.02345902172115444
0.3294166573744429,0.5368682179706021,0.9107949305099489,0.8465543224654029,0.12749972667198572
0.0930303747408957,0.589267338756667,0.5321179724587827,0.26637764143002385,0.8994530845538352
0.9273664094615535,0.40261143834016266,0.8903025571135202,0.38394889426297263,0.7368168318297001
0.47594221754772414,0.12258315650718299,0.9279342012370215,0.4540965933775366,0.7344870403224036
0.36717381443129216,0.01888087857623466,0.10053035869183591,0.4962194794899244,0.6899643571263624
0.33473532657927907,0.6954884591776503,0.698635589431956,0.7039359073278308,0.4925218540205084
0.914886150121504,0.4891965179806156,0.4502651934966382,0.199380819010627,0.3076550873563365
0.042334492518303346,0.6335352936161702,0.24853574392709288,0.3041552544854651,0.7708145216643212
0.3272211831614539,0.24219589201314218,0.16905774913370575,0.7748584021819559,0.12970625799002689
0.4537537602503535,0.5069301160771944,0.6873899126857146,0.6332834823329955,0.8107206729451748
0.04475143392623815,0.2964407247793972,0.28013411877537975,0.14601690559210823,0.28917825385644313
0.3097653141429034,0.5218844619274783,0.6637044789262561,0.3811005136118141,0.7194702313133812
0.33616533857958,0.29028367731476035,0.5411880558570243,0.023716360305790607,0.07978912363400037
0.41796954358652705,0.9429127113917565,0.7215117798434236,0.08812656950055775,0.8463180127808737
0.732300770608181,0.6109465257026532,0.8202929606091773,0.4041098477429571,0.22150105085385274
0.5120233891087593,0.5488417555934738,0.5383263720099121,0.5650737914801053,0.9487049182391808
0.9022456230962314,0.8757170365589394,0.8014168109086272,0.9434281072652854,0.09849464167940325
0.2651232614457395,0.4950559456545849,0.8465344931234052,0.5051657115227325,0.7480347393415887
0.13895990524891622,0.2524138129765602,0.7317760950376724,0.16473400888772405,0.35135593465492676
0.2648662578135714,0.3498616942224785,0.7083240490779703,0.367847181142801,0.5552633226079402
0.09993187705440965,0.8050176932346278,0.36988862564812486,0.6485341590333424,0.7253896016618326
0.2096609221117004,0.88467498495335,0.6162242516069529,0.42872514175148146,0.18233518357821954
0.9423009379012067,0.7550682041316251,0.20802456273324887,0.3377107747242245,0.8096742580880733
0.695677663215339,0.7657842927157243,0.4412011022129324,0.7164762626421669,0.3864937228639137
0.21126291693819643,0.63267703484136,0.9760139255987942,0.3106009713953296,0.46096959221253964
0.6740013710698536,0.5415062821224879,0.8434277957090492,0.7617427064695159,0.05829720386235704
0.998421233923774,0.7524024537194672,0.8639033162941132,0.6511977120953464,0.8562851280467623
0.11238297492870941,0.3477378355593156,0.8764209436044927,0.20165521126689223,0.07824209858002273
0.788118939945219,0.8354861556432962,0.1626522181899006,0.8543459827827155,0.6867677955971696
0.5200826832165839,0.830250192781385,0.4192492493189658,0.1939939562233972,0.28485267661061364
0.5051640182933148,0.5313307926731757,0.8055808264412336,0.7913527236523344,0.5813665572045749
0.7807854833654764,0.19177345829367098,0.05006452709329434,0.8736338226347001,0.07555449376276957
0.2466884297439973,0.6953189496243846,0.40944793762730913,0.8763139699155088,0.29797979466226954
0.011871346669359295,0.3006556405607441,0.5780750491848317,0.37593837540329333,0.5348727557587553
0.8765981188350187,0.9124850542303685,0.2659740646541121,0.4621404732699007,0.5491440152414512
0.9491124568882471,0.9986173191643847,0.23540724884152664,0.7269798713458154,0.37803106223319516
0.008108196886213226,0.009252522435902355,0.46056600756225574,0.4883349130043346,0.022569696573442655
0.6869274167743025,0.2940033885949531,0.5598931015359494,0.30091907316541877,0.1671343148693072
0.4071737385988753,0.23227336479050076,0.5348009769191681,0.19882853028647995,0.5084059766446271
0.15737851486886756,0.670974709485785,0.7539376844414241,0.11039423424993378,0.4678024120373392
0.07087170065487358,0.5981824455420024,0.26440429792964537,0.5276244568387078,0.5174610093842912
0.9243543461938004,0.5490832225687229,0.5829984797183156,0.4016531257643803,0.9490796031828168
0.7771859094396096,0.28540529030284156,0.8442095857762321,0.43239636018509,0.8286671435335939
0.822888068293502,0.1888701867628544,0.7011411313835769,0.2906429693065311,0.2974926699926682
0.29634807688058074,0.7255682475599482,0.22982604179253607,0.0009058352460902253,0.7152368534826331
0.17118474383512527,0.10448239530783465,0.23751612059406013,0.379900522322704,0.4759063274732007
0.04457004071263082,0.9705733326273605,0.7160630534195581,0.32319406532433614,0.31869725728539733
0.4485425493684594,0.626244822763033,0.14637306658896776,0.18892981376495233,0.8594345828335509
0.25625492388907256,0.38019499797517753,0.871271850950117,0.6631478293998225,0.34171187934168834
0.6836995457246208,0.01968321538141371,0.7356426600113652,0.4870160405162395,0.8131821472844613
0.9546376520064683,0.9257885494945683,0.9092650434553408,0.5121699559338871,0.36014211413893804
0.46503532473067277,0.6898960033133608,0.8839977768711867,0.20698630300011955,0.918193158461703
0.8151802319698891,0.9788560151782346,0.8802517732816871,0.27993732969190666,0.10595591134404769
0.11224107199158861,0.2912233185782761,0.6141837239845392,0.8043203260971725,0.8992503069815647
0.6237533843692328,0.0056313127480537295,0.1863167765185335,0.09972620385336795,0.36332447556901004
0.5013509936337459,0.04339717857856085,0.3484779757956553,0.17917967462532258,0.6470701662588739
0.46427236932434,0.4953176469339088,0.4276917880334611,0.956019710486567,0.21473512512156323
0.5166642598438743,0.7360173683653359,0.5568444131345626,0.9290208857168011,0.37796835564128417
0.463675805773178,0.08852231521472842,0.6089991110519285,0.28821196844810604,0.16030903951556885
0.5445312929045081,0.5323102633799106,0.07587164122404755,0.6982154534944728,0.6237721906508529
0.1890172827464972,0.46943486215404384,0.72032291647856,0.5294357405412765,0.3954890761835702
0.32233845808094364,0.6103938666440536,0.9391086983102406,0.6717448404774834,0.0747459036363155
0.4606849734821338,0.8908241315106276,0.09446242580108688,0.9888757121375433,0.9490693936454213
0.07827448072987586,0.9334133204495549,0.3631325902594622,0.8447091670758625,0.4183833377132715
0.44085511270251587,0.6342430909775426,0.7744774192759833,0.033789150948248636,0.5931559955271343
0.18673299409737099,0.34594951786320294,0.3479686661552165,0.4690603402211536,0.3341364118761734
0.10736111845066776,0.14562873852545144,0.03343798556109767,0.4702490853287543,0.9544476948529885
0.11567522364811655,0.946264493003082,0.7333615147320935,0.6374988029341632,0.6452777553235629
0.8267276483962821,0.10691986437982137,0.5047543235655417,0.6970911382607585,0.5868204450735637
0.8327790710232946,0.07227170901135149,0.690701039499166,0.5340277303847177,0.3791608639799434
0.34027498223403085,0.6208326327741929,0.8909953746442648,0.49617592610111527,0.8247231640769201
0.4021563818439675,0.10239446279317654,0.06150573645863855,0.051334371323677574,0.38015014195766994
0.33723775083584207,0.7179370236225695,0.7428215015848658,0.05085396883373983,0.22112326288901496
0.2742618501588997,0.5476119841428094,0.14451522390695026,0.13394121940000037,0.943788889207958
0.804202907297781,0.1806549020911703,0.40656780790549096,0.35562199925756555,0.7910040740654073
0.5102129164781221,0.12784973699346702,0.7389920631562439,0.39688797822491895,0.26292424763214706
0.37549862202072015,0.49775656360689635,0.34311551641700944,0.24190577259175783,0.39850202880398033
0.019172910749898242,0.7724978460963139,0.1709448935675858,0.043904613630637246,0.6536986929050792
0.7739361288236722,0.8138291315928432,0.49350918266059995,0.2053681846899853,0.7372276772498267
0.6997130771543372,0.24627073410317324,0.903407755862793,0.104371458082829,0.9826882395913257
0.8602478109774646,0.6878986454790752,0.9387498882798329,0.7223111683237078,0.19045699703004593
0.44215613811281174,0.07150302433163536,0.3896574222881154,0.7416030197372087,0.3864433509308174
0.3302941754681341,0.5953557225103119,0.872204528998895,0.04758319254611243,0.3854704346997354
0.1582407418152627,0.6953542507318696,0.10572456043113487,0.6648077585802445,0.2861808707979073
0.1989168137372247,0.9363525578249854,0.018524576745955867,0.43777727188956894,0.02162699246179378
0.483593048104329,0.5010473777944182,0.321662471394747,0.13216177752502367,0.3763875377344753
0.672262939932566,0.7823958086444591,0.5307506023881423,0.5898343944397556,0.2006163711246527
0.28733033322764945,0.16189561005235842,0.24929535000461134,0.22488678022553177,0.5194487863912376
0.5626887557907294,0.9449474208215045,0.19557064710152305,0.6416757101614959,0.8172592689875229
0.5602414637830525,0.2550036525010757,0.2625502300200002,0.03925305307099991,0.3054442265484817
0.7446036790033801,0.04751775720711038,0.21929528250483066,0.7062324985317819,0.7826515628228766
0.4553184100619284,0.6980743384786489,0.387952168654892,0.15991324502412751,0.3981494935229065
0.5799678202031429,0.9480532818528903,0.06875095208867732,0.5073940938449606,0.3289197782107244
0.5083116942766945,0.023975447376531678,0.3130253547015813,0.819868147527005,0.5539417338546375
0.4505824928161174,0.2855250717153396,0.2980425227913559,0.38310143359058446,0.8355707099645604
0.9672132068082684,0.4386553813503745,0.39335283874776183,0.8465507758198628,0.4269053206363036
0.5520181722956512,0.23094166459874443,0.7435025357790752,0.5319883182707819,0.8090345502403417
0.7807327300286697,0.21500476827002857,0.7156355505577624,0.8000544079513714,0.3461072407823951
0.17260911290227454,0.00263215557958818,0.45090365309314817,0.3524327315388416,0.5549098338254089
0.18804109258878576,0.8596655476664752,0.25775521562810966,0.22642960508764998,0.48071405648435594
0.49885102374427426,0.21508522878509284,0.27186072672591577,0.16970523915524494,0.7184601783231668
0.7700890312540819,0.4623284974592826,0.7140870226850174,0.7359353919374455,0.1382755276778086
0.9661780248345367,0.821031947096431,0.2044834611958235,0.18616503574607024,0.12566114557958274
0.13837856254191838,0.7481617990286962,0.46965425695162355,0.7829341727398672,0.7462548943502054
0.6046127135052216,0.6863666065786795,0.01835572437914179,0.31177764680502196,0.6378221792594102
0.0093449534862442,0.03297694368259341,0.8518879824703832,0.6840248616920718,0.26536973312034395
0.687962840118709,0.7924566691392633,0.30679428311010126,0.03603737749918745,0.9327791246877345
0.3451798382956305,0.10648176328470638,0.4918568713931474,0.7684677956641338,0.22164731461755915
0.26949005013336336,0.24271498679858317,0.9916730528316782,0.19740373373054254,0.575520216966124
0.9252646416569643,0.14689656887777924,0.9708541978677002,0.9474772343956246,0.8845719870582626
0.21455652133000225,0.6340550560109833,0.7608914729612402,0.9860279281964297,0.18042382208137042
0.7660258995192964,0.33880116992711296,0.17562646556800232,0.42137694121385494,0.7938359121486164
0.46484980370405216,0.5375231002030485,0.9951594102001212,0.399109299557426,0.6154007547092398
0.36524420161537186,0.39278564632870494,0.6956407534454081,0.9378869760948835,0.5423589504923214
0.7683999289487798,0.08920655881696382,0.21115803743192696,0.5021316409195324,0.02001172362877479
0.2528549787625588,0.5174012898249661,0.014961198256300712,0.2645462862260417,0.5140308194758695
0.5731492479812457,0.9257516930553055,0.6453456232506078,0.41473580252999376,0.9303511771330678
0.7848829833877943,0.2000089211127476,0.13084236134881977,0.675811635742733,0.5598831655769838
0.7896736137927557,0.7388050500786865,0.625211533857515,0.9863821716288922,0.5335897301104087
0.11310575650171983,0.8282735648159884,0.251853362345709,0.7773021481439183,0.9571070960000514
0.6967955139643413,0.5960301609498011,0.4603861756750406,0.36440986599540326,0.35300475097183626
0.6363727057095906,0.7512731169377459,0.6785170694844144,0.19841010119356273,0.4939871801434912
0.791640072183063,0.47570407818905625,0.5366232797354938,0.7711360481708222,0.6612653062650915
0.4093449208823926,0.895412711194219,0.1625670686634786,0.9955164485903247,0.1188525784762372
0.014949971104238902,0.8900189011487647,0.24495350836595609,0.7296996274467209,0.8110153749320693
0.8589863910321168,0.9915942356641667,0.29403971003999907,0.7102433419272591,0.11539985828082822
0.4068092913568494,0.8479716933125904,0.36765804605910835,0.5910953805356141,0.5037734437246341
0.6459515311120451,0.9728943893876949,0.05573552650140212,0.5739615175016297,0.8630287792502848
0.4813827117484275,0.07852718594157282,0.5605393524167709,0.33207389082382044,0.1549417853379359
0.849034513283473,0.5215995129911216,0.9332764123790667,0.8060165046030691,0.6929717937736674
0.005025503365311934,0.42782345663824994,0.1974862816520323,0.9107979110488678,0.17458398467636027
0.2860600516592855,0.5168367677344992,0.26336361899807925,0.20986467727912117,0.5990993251027524
0.08892952275502386,0.05816775872092472,0.3722452951860714,0.7206644545078623,0.554806758273948
0.42287646846677884,0.5657515642245824,0.3654514846532736,0.9361463354321129,0.05490489091077433
0.6733914790298352,0.8912826648277505,0.8038847087352534,0.18404103482144674,0.29592634898028836
0.7170479387071047,0.08427055918076554,0.811861699832584,0.7189069446047903,0.7296066492353426
0.10024137026759139,0.7177605448162309,0.67981812521997,0.8309224908218505,0.0415959562564695
0.023110668467792195,0.37300709987856073,0.14878828384915288,0.5583844775702219,0.9173489015067489
0.39147973033401573,0.8449503772726041,0.00024087451786647396,0.1685146434591842,0.03042353965408562
0.32814718051506864,0.9081895956965028,0.09695212359898775,0.6064097767438004,0.4514959391194442
0.9384682123658125,0.12251914253709384,0.21202785050222894,0.029541968611493274,0.43393524963137375
0.2778328995646543,0.8699059338903209,0.6049408131977551,0.6140907379757017,0.5319106968813024
0.091850337229201,0.44501868372535525,0.9995051897085165,0.8352292908460148,0.8934590541671159
0.8232263592464995,0.10304169343098268,0.22744825406479963,0.003121651356409627,0.30351012487811146
0.10860740234649258,0.472793345301583,0.6771274885739019,0.8745052950380771,0.7492171650908982
0.9385855957785052,0.053898290393788795,0.01217983541654144,0.6613381138362127,0.2893524102222462
0.25350101610577314,0.33088708769379427,0.26979605789236416,0.5114364063015873,0.4401484472241325
0.5124285513766563,0.6727136115004362,0.3871305089711483,0.2513076871421568,0.16620053680874547
0.3494741195326255,0.741806475246172,0.7567049101114696,0.6669053866842103,0.2340281753068746
0.5880862458546977,0.570689661576848,0.4842661981097255,0.5499789863838642,0.49179063262366807
0.5654563660741082,0.7155059546211288,0.10962819440343974,0.7496257521490237,0.1358861501275942
0.0666279984103747,0.9760796862214676,0.9569917688704415,0.06043654494056405,0.44325344147496215
0.18624493829977473,0.4853448971344181,0.8301772429995874,0.9506117747428903,0.6342526534515374
0.35390566721181704,0.6033255656445984,0.31200130610845034,0.9098236408320604,0.870400463105837
0.558231750279661,0.32479891538036054,0.29338967558297835,0.03341799470505946,0.8158208510252952
0.45038321303900797,0.3251329284002644,0.4711103549977539,0.818737990454652,0.12461420770752119
0.8576559882418273,0.897508835108354,0.9467079150338882,0.3974879924226278,0.21714040403767187
0.3736408184666985,0.3329120962314033,0.17615391250286005,0.6072666701014879,0.4766241605086289
0.8657009923240037,0.03210958048205825,0.6438679275551263,0.7629488785115611,0.759486569188307
0.8860739670955251,0.7290337428294941,0.9278100616476963,0.33265659982089146,0.5032094167515431
0.014079663282890675,0.006957587303291213,0.2401266204515199,0.10080719713908526,0.2602113679357536
0.1770432945283974,0.02852002483864824,0.9093041464060494,0.008223131388891525,0.7360821443370854
0.15214788691951653,0.9122296219996,0.8927959395898858,0.6539011463692573,0.6722341498006051
0.005339141969688543,0.984871566113602,0.8778326035758144,0.895106225730092,0.6592445370508719
0.34478692865453653,0.8936486490904808,0.29151692815119234,0.5627115433422029,0.0997309723438824
0.9219556301327502,0.14077045777121333,0.22489680573040727,0.558134158128215,0.7640930002129815
0.619351305936299,0.23213391280015616,0.0009430425274903342,0.7571505803074392,0.9852073259110937
0.8099131203060904,0.46020661815661534,0.9037672613991066,0.40984767311835,0.5249340842434675
0.47712976739568325,0.44762387266552495,0.7751907692939057,0.526768907269492,0.31671712202521607
0.2581581676584783,0.037747316967433386,0.583195161883046,0.2299614154010342,0.1481339220163831
0.6538299638276777,0.6812092578215488,0.752154892257666,0.5035768963385915,0.8940546052038866
0.9363427533982278,0.8073709397924894,0.6355934820081872,0.30372095359118867,0.9829449216202212
0.27413616719193834,0.20265692199043106,0.44215411378658276,0.05684057071238846,0.9784944646717908
0.5884335564164248,0.5569520916641753,0.6557962798997199,0.49702364777720665,0.03206351709454158
0.6123112888403968,0.7161738769564306,0.41674906062405315,0.7572955720711929,0.22700129933842061
0.22127659106618403,0.16141698768757395,0.37199475978916186,0.8470120353890835,0.8279120621490643
0.3828242079635038,0.5891187359802366,0.7208163164749156,0.24120677462802298,0.16814108589474708
0.972095993212311,0.6175573132096185,0.9814157218336639,0.3377559871322291,0.7030316999741315
0.22260363654123771,0.26120017127391293,0.511902121269624,0.3196181255080712,0.16762156384058446
0.262880701989326,0.03574839446586464,0.7044236214774866,0.4921166570858616,0.09424306640452562
0.1716939931284912,0.10253453811264401,0.6125928082758765,0.0942103636124938,0.7542823330352161
0.020510919320391174,0.2493757879958921,0.8906666758919072,0.718531318122246,0.07296833292568772
0.8211261044851798,0.4930351215402048,0.8467830271688292,0.6007397744503934,0.6818330320328587
0.9935015603957081,0.23233554592401817,0.6239455747613883,0.46032139005739836,0.039451952922691436
0.014470641502865034,0.11922857781785867,0.6490917405385481,0.5671630879133922,0.5534295611637274
0.031856762528260085,0.46930299636000705,0.9246228178425285,0.3975918693106466,0.6249224697884563
0.7798186756231436,0.7839252791418876,0.5192800823952713,0.8579519454023363,0.39137809336374696
0.8886932147847983,0.2402271663955453,0.28021640699057104,0.0531206241990011,0.7955818365422829
0.4170552362327056,0.22911661391139904,0.23179027761657967,0.9013999412292332,0.8339166004610369
0.5535308853571833,0.6161108004157211,0.474325570550291,0.39166654287880887,0.9154768812183315
0.12561270352030207,0.41844678971622795,0.34456190798787534,0.49815072025114837,0.45763187454517507
0.5188895316510814,0.1399189772269941,0.5131415015132771,0.24241881388721087,0.18433134898819126
0.06483421878619122,0.7626525587561409,0.42744192085655996,0.6266436833117583,0.7275933433047433
0.6793166653135535,0.4705007190896823,0.3878985289517298,0.3759599096406637,0.6400487969300563
0.4947943549418734,0.8491322479885106,0.8747019843267121,0.17056037800651846,0.13623365154572564
0.6304009260359995,0.3012257480622794,0.01857071876509886,0.8886426693629551,0.22690076724380825
0.9292806516858091,0.7174344508782536,0.7626534899114843,0.20146149579316042,0.23419442561681292
0.5212677538240658,0.17209985264986216,0.3054316926830323,0.32146247794780447,0.1596299332527641
0.20518283339516075,0.7885518420082566,0.16719585454726837,0.028457391843922486,0.6293549426289384
0.97598311939245,0.3312138146231214,0.1186557031962523,0.5703873253675308,0.9063542110956462
0.7840617798284788,0.622515868412716,0.3150564966075994,0.54188017327622,0.09124484130425536
0.67894542428067,0.7250960188976509,0.9650316229099188,0.26039735874507164,0.018456419043022643
0.5456084644271506,0.7067905043968145,0.790407475882988,0.1937389330248106,0.26175286903702366
0.5125909252672963,0.33060080997000185,0.860511486587445,0.47376015373872027,0.799578644102003
0.5806197604823538,0.773090141617112,0.33267298653032384,0.8314166219303112,0.2745723155510216
0.5460988080032908,0.21400711317387422,0.47552652162619335,0.31817520950870315,0.26670343063721424
0.9669850180280375,0.16007410548673062,0.7873258374573953,0.9841649594832149,0.01990148374007783
0.699027414042095,0.2529118055562871,0.040487824328304445,0.4028895789566308,0.935217810170875
0.011765094366997686,0.5878856919297817,0.5013964785953243,0.8733841643710475,0.08400171452062566
0.6815260298866503,0.6801096984332773,0.6690800168622832,0.942334494935037,0.8230875290068804
0.04197272624350601,0.47108285070451317,0.3979530562013335,0.31014722109080206,0.4513367251540973
0.38419418492597746,0.43233389987866533,0.9792618656086425,0.08863297474958076,0.9222308698387298
0.4802367134710267,0.6237422454995412,0.8301829666176939,0.36046302914925554,0.4304219080879669
0.40951848027871396,0.37473102253575985,0.9255293216468949,0.8289298911930121,0.1089999898629761
0.10812335247709604,0.4278695148529912,0.09865737673280905,0.6190930952711197,0.1436916072617339
0.5223732639668011,0.007219947003717753,0.3165963484126467,0.6771907236726554,0.48403894022784844
0.9782694859989881,0.8741037960662108,0.3590707790431512,0.0454865414722746,0.8456263001150188
0.9112343103146714,0.8206273934190368,0.12794994091976486,0.9979151344122877,0.25858422155277383
0.7242049128083701,0.9080348763357216,0.23568711433070944,0.9082585546770661,0.30948157919486696
0.9764132223840561,0.2812600203804746,0.9534358247578352,0.053544650892674905,0.709272011669813
0.5321111338370037,0.47787707712273064,0.22349431425584,0.705595789776492,0.1908094914463071
0.5528417959847682,0.2532453630402508,0.9556213797813561,0.028631193835652824,0.19972828011123656
0.24231060638744772,0.4140678257678164,0.23273024187005353,0.49134909026878526,0.872465523258539
0.7120634214091708,0.579961980535111,0.08900317798267965,0.6939921083892756,0.16641428431093985
0.786367385961698,0.2500567585101532,0.4170487283209009,0.3504702023179279,0.8588139146748568
0.12654445871340814,0.5656448823847886,0.14206160944306223,0.7047958361321867,0.9050781277944812
0.4346076538672534,0.4880922602649759,0.9274228364827622,0.5209913886493571,0.48759843804956093
0.5783291027043042,0.6892297363629519,0.10688337508703138,0.821110527741516,0.43550502745325925
0.07234850989748554,0.7861826691982131,0.3769499716862721,0.10036749509505394,0.6337790395432505
0.8801313534336417,0.8877535094139863,0.9576634748089732,0.867705459766688,0.002140919345475223
0.38024116641339023,0.818542579905503,0.3662530059984742,0.6015485063797061,0.606316947374532
0.36502530403882305,0.9044739272812876,0.5032283453861176,0.4647842059375008,0.9975137456618959
0.49350036407261666,0.17839825192858105,0.513069422863438,0.81401673551993,0.7768603268982814
0.788581765108471,0.7080237839979118,0.2542178290666882,0.8620840858402314,0.8934434653762651
0.19415269661854906,0.13045563655139392,0.975604968589112,0.8683239636503679,0.8932361472099467
0.8863763846243952,0.5416868240337284,0.6464017366657997,0.5453628521336417,0.05120634919032907
0.7455030853527727,0.5053320333358803,0.6477090747902298,0.5026398049755353,0.49181132232245595
0.17178910947776682,0.27871371514114895,0.1588526919439558,0.19566629562534243,0.9729773804203049
0.15311344577219843,0.26927042430520765,0.590589657738585,0.6101785762366418,0.15397412974382907
0.7937174257852123,0.785202867912825,0.2373177042038911,0.28866630267546045,0.937987865459497
0.8256714459794781,0.6977970330625238,0.08223322151060053,0.4182640809025757,0.559301872076827
0.18741128798377693,0.4482265821082245,0.60102587748869,0.3273766801153992,0.7809448189504872
0.8404495816388055,0.32360946943407076,0.8386571544924571,0.10357656610301502,0.8377290986226563
0.1527504316676166,0.08292715250972604,0.6417754044410112,0.4719373657552943,0.9078906004128328
0.3631891960908492,0.2871522634376287,0.5007349061441984,0.4559461857686613,0.34442804621718826
0.6937412986983286,0.7595618339139083,0.8529839690301366,0.9728566047103429,0.26665619213250447
0.7160934824899615,0.39425823549574524,0.6770819719511081,0.47598169034922033,0.9937731027679316
0.7289021357907499,0.9524913004343245,0.8349695494811857,0.9029010111633711,0.8144191972146749
0.4591591303759114,0.2517884533468844,0.3703201754505222,0.020236232639950447,0.5239931674646672
0.5050578002704087,0.5252504648304882,0.9740312249720638,0.9114540034548393,0.161712778330108
0.3688825215558892,0.4239561794632619,0.36053291785164776,0.7984959636039131,0.5240376698675869
0.572099816971625,0.8530135589879255,0.8059281534153586,0.1322115228202997,0.7139145840836343
0.43543612890203554,0.29464890306250047,0.050018820902186345,0.48724956034545097,0.3554366807245314
0.2515130396764008,0.6946717295969576,0.769485387315587,0.2447895190294248,0.049447436679347256
0.848752700565235,0.009959741204303318,0.937112493921472,0.6276198739827059,0.3218466352013203
0.2464779095767362,0.009005664264475244,0.23547141701087715,0.1377283015171411,0.6121662207231456
0.1665455885938013,0.5286298375366193,0.5901164223444708,0.2980416983469145,0.035064949018718705
0.0372538806141961,0.026347332193917605,0.7391246671365462,0.31800970481429813,0.7963001859676636
0.43173282384284917,0.45299810082996383,0.5128826025095737,0.7130314563751039,0.27350286582970706
0.1215873495335269,0.5560573351914615,0.32697762324273927,0.4424913136680374,0.6469467083373054
0.4941257411412706,0.6202788171008429,0.5442000021136278,0.7397963719360992,0.70593661771162
0.5341898918086192,0.6789030208597069,0.8735596022726128,0.4322712877881686,0.41276307274879365
0.7642456208523801,0.582553837041994,0.07100678022258855,0.8921120156910813,0.030783102237640136
0.7483963562097431,0.7587941427043129,0.9531110852819304,0.054134408402320755,0.596856860784491
0.42784057062705294,0.330632954859542,0.09031856029907304,0.5626541196713092,0.47904072567461364
0.10455445815102427,0.6124895070970834,0.7379531202529385,0.7672783010536482,0.9053731882624274
0.4094707418887772,0.953072768622137,0.8654294050826861,0.29650157102393904,0.15928303734945848
0.4353893961280134,0.4018987079559666,0.5757193053312043,0.583386232327748,0.7499869843799752
0.5098899482056102,0.10482264094076554,0.8582913355531061,0.30976458318518707,0.971297460306592
0.11786010867977015,0.9582511722325032,0.09101180688251698,0.23103613794705946,0.04657994208654159
0.7051131466389949,0.8502987365717918,0.4340710818159804,0.9285220750424297,0.5902990717555996
0.6300071354465232,0.8454192017007699,0.2968002050518389,0.3542657213276258,0.9059519191946444
0.9009634960387638,0.9764827762008709,0.9018383164416711,0.1273720360333609,0.8237242861369873
0.40983847810959406,0.9908013559459379,0.47228096432880107,0.5538360825022206,0.5297749152567985
0.3217370298582778,0.07502208889291817,0.8956512304019185,0.8026758125262868,0.13952678055966927
0.7767682713500729,0.62584666605061,0.4091437879176223,0.2540211490955627,0.8597287835022325
0.700188259294053,0.5477399094691369,0.6095685338984641,0.09106618208218098,0.4739197609111919
0.193700292785702,0.20838367900882537,0.6613039622868667,0.9112561518342881,0.40375661047834654
0.20774927301219037,0.6487469372366542,0.8711870463503177,0.7483188011224908,0.8687572305365872
0.5365546710107993,0.7518762443691909,0.14006455935893647,0.3482746153631915,0.38954916448152244
0.5112957462460346,0.9290763602568237,0.8742965602221743,0.13452549228918453,0.1727896518824632
0.35764054958891134,0.2907438658906739,0.6147709531562623,0.9027760477645449,0.9622915416725868
0.6536029525352265,0.8381592014010867,0.5252022002307971,0.20832694686003972,0.5246884120934774
0.5550826014376511,0.7424575642135566,0.2198829897073491,0.3683103820867317,0.3640274692145663
0.9594395957411649,0.44394496032671893,0.7550939672981465,0.750811381374439,0.2655441848032414
0.5718696893717321,0.8943028933186481,0.47519771945694944,0.9451175073425461,0.2144582293241616
0.07415910577403073,0.8914538731447493,0.8476811979622166,0.9925898759338447,0.6793934881124261
0.9366879266671495,0.8269490250841108,0.8444263331200869,0.5691415704542683,0.38236459791671085
0.9345580725432818,0.43211717561589447,0.5388193672496691,0.44611430712518774,0.5648183139601971
0.4705050789923272,0.04796755857947588,0.8820481860076986,0.4443938189157698,0.5889436485073487
0.13918780275798703,0.003387847982639136,0.24529009364364296,0.7045860321333502,0.0991945301128786
0.9088874403864678,0.21502256935618458,0.2045936142917758,0.18150796162149552,0.013981712971364746
0.7718054684782346,0.8750345312452585,0.6141627026161989,0.1881999816798623,0.28527799694087974
0.4759266973649633,0.9543459516233008,0.2473513718177428,0.731645903919888,0.4394482232929203
0.2978473483600218,0.45591593702211375,0.07120671754123253,0.7986873709303625,0.24330192798296713
0.7254121231929704,0.06834837144819472,0.9550985561656861,0.1930149854056986,0.8827420762070805
0.8094732096154345,0.967859924081416,0.4778906609457496,0.7273972938459515,0.37071065703778405
0.18436823801969382,0.4430759329334488,0.16574901538845488,0.9820446227863839,0.09624649114071637
0.5892117234526204,0.6264638552540559,0.5380795428740542,0.6621858857118336,0.11618077501189095
0.5550185242052911,0.28721257112736154,0.9401760633010566,0.7620716534397257,0.9725144821597427
0.037556069740189546,0.2851331751807087,0.195422586638349,0.0111545873118305,0.24232573024632142
0.6787759835204289,0.23108892213456855,0.5090034454826182,0.8878181149649986,0.6937579203490752
0.39462906990603197,0.3724689389121083,0.45573581400848473,0.17704144105990638,0.6340007674159881
0.3641528191046055,0.8523653492620437,0.7565526600578163,0.61051316409216,0.36420222264951607
0.2099318316734844,0.7761518641056229,0.48640909899108653,0.2247500381773575,0.19517461504000622
0.16540090450135903,0.777161196205595,0.2289871853003117,0.5266422635251975,0.45154636097305645
0.5796108992282839,0.8771549003711943,0.8677473900817306,0.45107607182485965,0.015366250734723308
0.4264438057143032,0.6061935374241404,0.5577647590980618,0.6513361058002055,0.15407573247308348
0.6465350987807326,0.18265161874377223,0.750523980696749,0.33908761326268,0.7098954333814536
0.04786559890610709,0.4078600255909134,0.7050345222633327,0.22687051633149413,0.7952870447972226
0.630779733104932,0.5875617721497983,0.3535488542043371,0.4824514703811176,0.5973493009778531
0.47246211391489046,0.6983133239405601,0.43369693310695956,0.20227318174203035,0.21393378280104725
0.005803768842941093,0.30095771555867246,0.7489176404785196,0.7941627088376095,0.20246754209575002
0.9590439968714077,0.5024027934801267,0.9169787490185026,0.7067652818616311,0.7224334230224131
0.08504362130607113,0.21999112689693068,0.008814833294472635,0.7161276404767375,0.34443828842851
0.7866525160763468,0.3389362199370263,0.8193337522988611,0.130698253748313,0.1733731567575082
0.3408765395839365,0.4084873888822733,0.3487028108429784,0.7636470325232199,0.0969513926267147
0.35121701963848806,0.8372399995154594,0.06679707726217199,0.9423435076713574,0.9863168422720129
0.08856817382508009,0.29127252225573697,0.37240066603535615,0.7763913686527261,0.5959268121167338
0.6443657004925674,0.757509822818506,0.11797899943702572,0.8332094569102624,0.705619804180144
0.5773417251963703,0.8897353347830567,0.7003063538838071,0.2016999626310254,0.42974538107566673
0.4940428669357333,0.055217626750405646,0.9546375133600558,0.12857726079687848,0.6974612672267269
0.5062310360908802,0.025632249884422587,0.9247474758643617,0.8518368088189332,0.5242579279038355
0.22894233613944526,0.12162289068009424,0.3633924794321266,0.2554282810460905,0.5066912010062987
0.966409296123429,0.5749534932296414,0.8899310558900979,0.6508788374957772,0.47524652658720046
0.8546075627333712,0.4713681101729975,0.868628170510361,0.2915767695757653,0.12881307376298812
0.8553144643629383,0.5874151637926668,0.8890923982489601,0.9378272069923832,0.053628390371449175
0.5009693018588683,0.37496454907452925,0.6258583970701171,0.7935911972023235,0.28059021597436895
0.5567983843731716,0.7087285799048996,0.13443108283573402,0.8140669059512669,0.6061095998529731
0.9495374371136518,0.3395289191306933,0.10814594233719865,0.5065012010369253,0.08581077170943885
0.9695265233240068,0.03868495825719154,0.753503901107308,0.525102398142244,0.3686206524982887
0.06584216450865465,0.6221669241736077,0.5852203293909553,0.28088327306759975,0.9102217014103121
0.3041100073428369,0.44972541059210613,0.5437624559186557,0.1002318781762861,0.9321617192136323
0.3745361524510411,0.08077921387434361,0.38729117367532995,0.6002025470925807,0.5136526718213296
0.694541974037274,0.05548394206791063,0.2845406102720561,0.8192305768401023,0.07989368779136086
0.8554859546959576,0.09189609207710625,0.8344542148916962,0.3607884010787267,0.6122090632572158
0.15288711564799817,0.06616872172518085,0.21593820402013508,0.12785381790869554,0.3124058976796318
0.5143832465110202,0.5887594635650095,0.7898681073797429,0.6562398932483586,0.608758325129553
0.41178202748577464,0.4738084349601387,0.4145208293901811,0.8421660300613831,0.23000045254839985
0.0057209315419646245,0.6513198972262393,0.2024621836388314,0.8901151363098093,0.8590463297066561
0.07672737192820589,0.10638840541407735,0.4951715922466663,0.6092226627693547,0.27490833748224075
0.7167977166993706,0.5949160209188715,0.3248241097485547,0.025371488042315593,0.7501502812985177
0.2147536658250827,0.8344737434626284,0.4202902600542552,0.5770774426317654,0.8729487304090019
0.8636230009199534,0.37151957524357326,0.20888889271484312,0.7751460777285947,0.4330802036021312
0.1920419935590041,0.9044253423171502,0.19810419424108738,0.025807168191231078,0.020279973767419968
0.6223153564542643,0.6616750607175304,0.3110417050569839,0.3200109892470634,0.33949391505994275
0.6801585467588787,0.058133791026828585,0.9291163526913256,0.22252104417744645,0.9996732052420922
0.17152269378718699,0.7715464573123775,0.22341254492962503,0.08084680164325397,0.8749333243506489
0.8587512591908919,0.40357039244960136,0.7023961425404268,0.5570659326839171,0.8529561136737488
0.3150559693186544,0.5236723999989852,0.48537237120455046,0.35390582625685874,0.8914550645563722
0.16587792466253548,0.14950863952069615,0.5769095353227514,0.657494229984942,0.19461925432456517
0.3907174422546241,0.9465638429787437,0.246617422690674,0.6683607021173941,0.7401493936975908
0.44812869946515954,0.937525986759583,0.7366567352187905,0.45792457986089785,0.569335201776094
0.6926134434251007,0.5921901804292182,0.8786975838260759,0.35688866228040117,0.29988574005580493
0.2138388894952643,0.037782968064595135,0.043013964380055336,0.8700551931092828,0.6783931464059073
0.6605324154364861,0.614642818934886,0.8492191446941049,0.48026692566562745,0.8704108285583003
0.35944502618223917,0.9267075043390905,0.6986569800812401,0.25717713602442727,0.5640849216886251
0.5330305614882556,0.13789882173033396,0.5912429057506141,0.31478562371695795,0.05234876680960243
0.9486561577065649,0.6414903690642878,0.876918931870847,0.6760560050132531,0.35698369214011294
0.5126880723288114,0.6757467603471771,0.9602523252014376,0.2536694591216965,0.8749770586241177
0.9240778052942694,0.6704155146589565,0.9312666274013378,0.3978785874773685,0.9530161760404428
0.7027828771659749,0.0420057674188119,0.9068728318190528,0.48447280903319256,0.46032698477783285
0.5664666059796343,0.14938454677122792,0.46916604856739863,0.8311272167177457,0.015482459137515336
0.2729171603243713,0.00245458644384422,0.41571130914984833,0.7283155104937347,0.7987718291146285
0.9451897611270066,0.6085046129707865,0.25462686665289547,0.924147949136699,0.7753157538803761
0.5744284830031445,0.695640215718936,0.9243163550074291,0.7123940284729217,0.368374507584734
0.7130282022890967,0.04027816273538787,0.38641556183058123,0.4063230318455793,0.16683823442083467
0.023085480551770177,0.13338123663774282,0.6546214957970551,0.8022888163636875,0.9882034927269742
0.3463635031084943,0.5993792222611017,0.9371449668151219,0.16704178133815262,0.7176455863427427
0.7549787331491632,0.08897553586933837,0.861249385183065,0.8131050471108439,0.033403006577434446
0.09108441488005148,0.04912689389185232,0.3347435317993622,0.5092889906799262,0.5323477279546288
0.26766675976944265,0.9115968865602742,0.3682627898719132,0.0455501559653525,0.30022711154138637
0.5311094225441555,0.40822182258823203,0.27384251909925916,0.13132324976431742,0.8191645000962298
0.9961452421241919,0.32954213352388206,0.3816210441766039,0.618037524676957,0.7184414747355413
0.39202953480359126,0.9049295169818152,0.5600039892289184,0.450390076405931,0.6466727531599051
0.9528038482491732,0.7945522944217055,0.04001313053512434,0.33230991073995964,0.4705446849512227
0.31451757220910526,0.7001875608304565,0.826269149862581,0.7313450951852716,0.9893332868282753
0.2725476478930291,0.8749894950244215,0.7666226651744862,0.3621787575581461,0.7341245436569687
0.10407595641824696,0.7893334823405523,0.5323306025871026,0.29229017270925317,0.6557773017841801
0.641619998714409,0.2094862227195997,0.030397414811526136,0.4336225869016739,0.5695118693444212
0.8766052783705984,0.9282167956475944,0.5288052181567664,0.7538034837685449,0.43930327232799693
0.746082156572893,0.20480152493916692,0.3710647348035314,0.6342279988136148,0.01815796560707883
0.722461310338954,0.8355355012681668,0.39914166109395144,0.4479424171771643,0.851282212216531
0.7756546353260334,0.288149489033375,0.32397610656153897,0.6788782323905966,0.5631980924481612
0.16222957109649694,0.3099299092291664,0.8999832768786541,0.6881744367222634,0.9859743176855195
0.7670125299807694,0.9419744321435902,0.2161885738704754,0.7714848748169257,0.02021752014779743
0.6707600217115339,0.46928227812024137,0.34676007192006864,0.8624043522930891,0.8542676926575307
0.022301704898643582,0.609505122449431,0.3678322243209564,0.41566100150044916,0.832040739218776
0.3098397715276783,0.9430488106376201,0.17963382637214076,0.6627224233681778,0.6721050670137647
0.2521951614279182,0.324750608967202,0.8347984925799404,0.7618052549549524,0.32909588031475956
0.5339565469349339,0.06168029625309546,0.20874588239862923,0.4858205588603991,0.0859737352792116
0.8433323548919375,0.7180062101076479,0.9436336706484948,0.6934669059640272,0.9404013722621856
0.554512555690965,0.6002186110619694,0.9769710546262609,0.6421291468642604,0.0307865688607466
0.7238027766305233,0.9054686921374157,0.7955802497943266,0.5838332726254226,0.6713035130935163
0.9901917892516717,0.09066208850933832,0.6672448286332395,0.2833976945705938,0.6400903965861701
0.6076235758839388,0.15345683210816208,0.20674664574023915,0.6216295780432135,0.12822994730377413
0.26518087513032285,0.8352455477380024,0.3270915060016386,0.4880601562696629,0.9411403351458403
0.2271490888369463,0.3896260173580104,0.6064577755435456,0.7553389295039722,0.9016533867127051
0.9154729875735151,0.776640074372623,0.22833083659331044,0.024809330042565803,0.3837739303556238
0.14154885098782333,0.7103876474382981,0.6611305868257168,0.04397164162145484,0.8365937791309511
0.24874326629118226,0.4322270754910422,0.6679337354557424,0.4294187868522533,0.4412878027999434
0.06562799533574037,0.4014435492600038,0.7648478932199835,0.9151763371865977,0.41349713706337177
0.42358582687907886,0.7026271063236521,0.9427720011052766,0.2670609402393602,0.44014420653793684
0.7959732435523011,0.6096935693740385,0.11058634396395473,0.6277327355622657,0.1867462845973269
0.5102159340784042,0.5291032676604385,0.8762033622249848,0.46249427401243814,0.2794424222358942
0.23096634821603157,0.8742518766843361,0.1710108544182284,0.42586856088314373,0.187173114926947
0.7733040401143754,0.474372639974619,0.35114369055681205,0.3610996406264668,0.8522142067229794
0.5537739542944381,0.7178678511312636,0.8970385162506845,0.901741676040642,0.32850905433786315
0.9524512631463853,0.024875882014605444,0.37683556101616567,0.8957988575088416,0.2746368798169829
0.27308145032131836,0.3026222850818887,0.6123133848469222,0.4383327756143538,0.7267348363533426
0.8949106425646658,0.6741993749428606,0.2044667201975755,0.9326819023605022,0.2644928733474785
0.14989429532815812,0.0899672788609609,0.5633837406661656,0.1137624624806518,0.13877588411263075
0.30003048059549664,0.28165300968446383,0.6042395103321423,0.8167452794726815,0.7613496562028924
0.26248445471647674,0.24531049798597993,0.9657915301069676,0.008236241591960125,0.8797205330602158
0.19972851912240497,0.9472843230897678,0.3423072848275197,0.4403517738932523,0.707120613944381
0.5876690514732603,0.3179393297068228,0.5538309158678235,0.7307068843628862,0.042334945902492094
0.011199305255704117,0.4580669390728913,0.1318366178035142,0.6643442914647144,0.21405245622743418
0.43285110679567096,0.19767093687426895,0.5484835857491245,0.1160534593845689,0.02310685278748026
0.051131638106697186,0.9542584415153099,0.14228621861093582,0.7084782531368352,0.06792620422282625
0.10816035223518217,0.5088762514093347,0.46487093015434366,0.9515803094398696,0.9448354530207373
0.7796086425424651,0.6021018301273497,0.454960317393011,0.35617853432842106,0.9470875469755554
0.6029088114246856,0.5790725276859945,0.23190112176891486,0.04669781788511307,0.9451885797595444
0.3137352588446539,0.4425890233244587,0.11463994358570684,0.836924329909292,0.027631832855930627
0.8339907620990965,0.1402850127879668,0.8865641126311521,0.7297726373361574,0.1646702625073051
0.5658179928594681,0.31265631435521946,0.17823309891158345,0.8591821994111084,0.4035227665072294
0.3985437143653825,0.16988667480662,0.3830656760857787,0.8716168463288502,0.3631287104896359
0.9516035624997881,0.9463088992083875,0.14489865930734602,0.17731125352264487,0.8626740703318891
0.3927609189247192,0.004373982283009337,0.273871819705371,0.59762899319556,0.799265965959968
0.13338861709325955,0.11054136441673534,0.9220926535723316,0.7511483678225827,0.5897796007780784
0.769186789995928,0.42885436130663845,0.7584557473091266,0.37180299127453575,0.24409457249260236
0.7290134212929686,0.4196722921572683,0.9813771043261948,0.349485182308101,0.9217274205310659
0.9329625485670795,0.24185294706474614,0.7982211815880134,0.43307450514456514,0.9175247272303481
0.4501242726352388,0.7443037173373661,0.46696740916379786,0.22780075571285618,0.1993501289446863
0.42543119425634557,0.7554946570142149,0.6050714851807668,0.6886292899005433,0.28232635073194245
0.4814353459576055,0.044395264969327,0.8175324159581207,0.9898921622398746,0.4068790626246709
0.01096365313154335,0.16979263955094737,0.6525268777504188,0.6120793182038592,0.7878647195855439
0.25388401096106816,0.763631915547134,0.6879840215236698,0.3228144977138433,0.545488148056962
0.14727380849832672,0.45256450343558263,0.881197339555641,0.4211913798253908,0.839566706475422
0.5902533652596944,0.19187671310235677,0.5811062446978964,0.5059833291570635,0.398641335196384
0.11963043951607033,0.4167086638472298,0.07276237623962711,0.09876905139875125,0.415916532932716
0.3053814819684637,0.9255443258622235,0.37570580538027054,0.7578581220721001,0.5302475263662427
0.7040856686423355,0.2601159830153992,0.9419049728383291,0.530088496914424,0.8313240712852497
0.3650456934761135,0.10021134905052453,0.6737116477208488,0.007759648337424485,0.4752929765655083
0.19280190266645925,0.6273755044353622,0.9794198731378522,0.46440290632064596,0.8174982565256667
0.507784186951121,0.4958400311040241,0.9304234931787778,0.8899658687466815,0.7858004651879744
0.2962557533167841,0.5450084157239405,0.223897233305685,0.44391669804653977,0.4842130657597906
0.8316400401693309,0.8960283653249931,0.41462006239647786,0.017704445073237207,0.8617738397893546
0.1742786785013607,0.6218819638903935,0.024970900434131194,0.39950647526056426,0.9859603021153498
0.1006936011038031,0.4236931519996423,0.30714995018995217,0.9050881233882643,0.8693401079073552
0.23769876030622883,0.08118778705043117,0.6271383940611175,0.33636871188370976,0.6720843906060631
0.032119756067814476,0.13339923517748942,0.6863722327726434,0.21237065530249777,0.8575876757624016
0.05859088771013543,0.21548198278557462,0.9985602484850686,0.43307610258679263,0.7029656635446435
0.18266304885701368,0.6098687349855377,0.7261060683694185,0.31447663586651053,0.8288971119758778
0.6034175784722833,0.3891230096150302,0.5576423933431586,0.5767608474359243,0.16553529269386602
0.40273236986696614,0.3434305880194931,0.40090272257912607,0.7611105884852579,0.48253840746667265
0.9403161532392643,0.2936764133584362,0.415703578284929,0.7869568104790414,0.5460245933207503
0.5470281464244477,0.053340163005183516,0.3985996627184558,0.2707337324217325,0.9993351228311154
0.30835507063231027,0.8844965347938635,0.6762337350404775,0.34091640919209043,0.5435343783741237
0.8405358799491938,0.8833682980309119,0.16039387500614521,0.3395731412081696,0.33522318021357167
0.04204479607594469,0.5982377598518965,0.854820052992188,0.3815743878255178,0.740035944984177
0.6277004136007399,0.3756487354930008,0.14105979949229708,0.7093238527759673,0.8545651689412405
0.6858544924014919,0.017878484034818065,0.21623289439099125,0.06947998488353191,0.5703860995762268
0.7564776788404124,0.11057918706865943,0.8383378205933852,0.5555089783954832,0.6899690121417249
0.9714018486086462,0.08368098824769732,0.9012240229777893,0.1261026959874093,0.39295880663668226
0.8514386963311144,0.9062542367378682,0.5063716735451453,0.5941046382754251,0.7081473345985572
0.8327586684527142,0.12151116953766616,0.8100693082292276,0.48127615051161676,0.450623425108169
0.42389975199699825,0.5092115852460426,0.9450505533946035,0.5482037727921516,0.9531775382631392
0.1802901306156406,0.7241359788326331,0.8122395386087472,0.6791288313348619,0.6069222802265404
0.5648127810861823,0.860930482578696,0.8216465971645001,0.12228872118059952,0.8485876570308781
0.4140686194404425,0.2536968299958108,0.8697685680139259,0.43202479963374163,0.8083646901768167
0.2634036119558445,0.003929321422217802,0.4954591929029444,0.10022825664288426,0.7543759555249097
0.27607513606941037,0.4436456466034787,0.08703356509155424,0.28665924844725266,0.781490243258572
0.15158791190231946,0.6471595611269574,0.9174258528045012,0.6798367597577203,0.8110216892922268
0.1089716293039158,0.25073182600205446,0.894538852240591,0.7151056136180892,0.6395538263773112
0.6637667361217,0.4142005543046434,0.04455663161765322,0.784441542070729,0.6787132362153538
0.4728044641127247,0.8997596153682574,0.33615966498509886,0.2943217442312359,0.8727963250794428
0.7969876547589855,0.5149798106483447,0.13073473945784997,0.21507147146505246,0.6562279904088066
0.38504123784041167,0.8364731916659712,0.9499550093322041,0.8056369252749183,0.37754542299555716
0.7886864292314241,0.35144167347068345,0.1671000877656339,0.033393204865857395,0.38571671276102004
0.9035593036972819,0.2389865877556765,0.206513164929784,0.9698207852410403,0.02500411285059212
0.7857821503937543,0.32136995574087035,0.037487956869659333,0.9178025402095836,0.1396423302095836
0.5517792837256954,0.2740542074295478,0.06519280218469103,0.04992248566337909,0.11555669883633879
0.07136701388938005,0.7605581155199229,0.48556620228342917,0.3428920913489797,0.41836891013200717
0.9289467355726233,0.9107518127381472,0.7156764801225769,0.8846823774216878,0.3196480275876248
0.38110932600828284,0.613712181854228,0.6236259472972642,0.48169983801234095,0.40065784843795327
0.9861803116086951,0.8211236261177244,0.4349801978880452,0.7272924772395685,0.2695616932524595
0.10016932623732988,0.35243102555274064,0.4029728001233942,0.0165371245606708,0.814792001635896
0.3591934023891815,0.580418165780147,0.07396318727095597,0.17499682875058398,0.88969372532756
0.6086875278828008,0.9502840501704856,0.9987500343913169,0.3718601153330944,0.2988030640832746
0.8583560551590967,0.9986114270374542,0.6296412342324573,0.7951407225115223,0.7817458588152745
0.35533970821954697,0.5742703802570872,0.8330569412642136,0.6881138762610555,0.02116381398203826
0.3367056688975335,0.14447569659460535,0.2329722120780391,0.9054894774913257,0.03689328891076815
0.21980071196192374,0.30956935223823145,0.6168840719663948,0.5341016900858655,0.2182694828533861
0.16424106722315446,0.2367980345961188,0.5025296267016556,0.27117778571120343,0.9476025016077222
0.46386522142884756,0.058796016544637064,0.7292664058366334,0.3288452882089896,0.6534889320582475
0.279594370523232,0.5707437417333199,0.7721525048074647,0.928008741774554,0.26112714443307705
0.33485695099898116,0.4642664202859397,0.9271748377359889,0.9013868568106571,0.08987828010063803
0.13192982575381085,0.49550917733063826,0.10661927280542349,0.34558087334869747,0.14838537821747766
0.6360403551318858,0.9494954317391617,0.9967337702943815,0.3752411324969148,0.5990126371146123
0.8562676535240813,0.11746207279638399,0.689564411051965,0.40884366172506825,0.20614616028016408
0.402753618747442,0.07596028696491686,0.6954071485893057,0.2527426687484531,0.311405645044878
0.12108129824146274,0.8646591138898917,0.4934442792827386,0.5721468777864003,0.5694326830948546
0.41049311454134174,0.19252991543813947,0.7451327484983999,0.12705626535767434,0.1038737902788105
0.7101450375965034,0.20883702045198382,0.30677275135283233,0.47522746700174023,0.4493513167295462
0.7085791250649992,0.623431793443361,0.6443961622818657,0.7140543306554573,0.29261272742346534
0.32233331180047364,0.4379977478955541,0.3074621730335261,0.9849378689708634,0.8140519264214297
0.16465468825602958,0.005594155881869511,0.04278326824726786,0.24406345104292526,0.11429128583685655
0.5333381148925721,0.8579952227273586,0.7367502209132274,0.2156090630821904,0.39929925602578586
0.5078942095312776,0.8102058495033355,0.8391216031061648,0.909718311907776,0.5092452505028752
0.694274746435863,0.11180037123393716,0.5652889599539821,0.24869180947113512,0.4317168850266111
0.6340505083067194,0.2569859378537811,0.05218505779676108,0.010233856408757513,0.022159535544521547
0.008349737513769662,0.11035505655787547,0.23948871457012988,0.22122151418229918,0.9867965941798967
0.3060061052089432,0.1274207833593991,0.545562544167758,0.8579574553975083,0.6780603767876752
0.2960820891354503,0.561616159791455,0.7148559742004091,0.7281044923677423,0.6665384552976888
0.870810424775618,0.8701054583441044,0.5789365594070033,0.4298563691112123,0.6415702955650998
0.8182120013704631,0.005652104841184724,0.9919970090148511,0.18289377232919923,0.4702489856599762
0.8720297348428667,0.22504039904419937,0.4767952239003832,0.13258218018117918,0.3950763253881926
0.17713545479300252,0.363627748771157,0.373464216792722,0.9931707895983327,0.9948130293037722
0.11478627866061242,0.7259687793283472,0.051745479669101146,0.030192015337188627,0.10533389424496431
0.965485657007934,0.9408635478946974,0.19392782028068045,0.16167233555371152,0.24053508651594702
0.5155469940751422,0.5697046320354099,0.22159343043944735,0.7566227880899452,0.30955316940265076
0.9221313255294104,0.6567227064567306,0.4363511943036117,0.7899120017028454,0.8179146260466648
0.29048160560894365,0.33971454383608435,0.9359551537286034,0.16474103836327192,0.0421504169629342
0.4540553226095492,0.8012099002436289,0.7716681063107458,0.9195306289128325,0.5332006643690402
0.10006467156653331,0.5886889743360161,0.7783956143532116,0.0933281202698264,0.17265740109758976
0.012290661155670901,0.5936525794468104,0.8867343919459044,0.6706633160020995,0.982040087590982
0.06303365249976156,0.9030010851514962,0.8140682873866807,0.31424152049950493,0.9735265518372518
0.28793774817141504,0.8893047238282185,0.8807485770741894,0.7576576166029725,0.5634704738128519
0.12000274961688806,0.5319717344964983,0.35679625565493456,0.7922170331553517,0.7581292064968449
0.9106125073726052,0.014830162431707872,0.8091032168230461,0.9384620531246688,0.7893004491081501
0.1301944598703667,0.08127910484088774,0.02084523980770081,0.628745225828071,0.6296726518598873
0.9869137142182123,0.39804317410409573,0.33190628489749674,0.6244249271843925,0.825608672507594
0.9367739495230019,0.8031241661790386,0.42667398061580475,0.6349142353120641,0.856299326716117
0.49060968831173946,0.2166866437053927,0.16972343974787296,0.0001577445780567288,0.7182379949812843
0.1110972088459905,0.24383909969594042,0.29787633152279336,0.5603798601367683,0.39795727729576924
0.6746739920231618,0.05563865932870271,0.12393919426443945,0.4992115035332667,0.3369647878468298
0.2958133627513597,0.06702807903752273,0.8957191747480014,0.6918185861250508,0.12161815681964938
0.06504595773714061,0.974872533431243,0.6811725504395049,0.4174560710937415,0.7017310407557849
0.7563317864801591,0.7799622023887793,0.47787730565305764,0.429882758124848,0.01102808426890034
0.926557115141838,0.6033078783889431,0.2031539371899681,0.9196034194214366,0.9149319017702964
0.9891841643660959,0.8740565631389788,0.9977843878200647,0.24468618812327259,0.8422495851992341
0.8230283087957645,0.23094035922073375,0.09843754900099078,0.9794205136775996,0.29602455152061036
0.8708917904678061,0.0041271546746038945,0.021024807219602204,0.4658713086963684,0.23871468393506357
0.6898412834359643,0.5655643255679543,0.07748579745049144,0.16262829631571707,0.3880492700584143
0.18560406395543316,0.7922223472439286,0.41607023555328004,0.09343186684249927,0.48434290227212484
0.09083818106141417,0.12893730541981718,0.2396098320282053,0.8595277052474898,0.9246125323329719
0.8262577293320691,0.33407721741784724,0.27244644110883165,0.5491556907902392,0.7218531605331123
0.9933727881601748,0.13157071187892622,0.049291999023804434,0.694355888995271,0.8322257835039055
0.8463487798664232,0.6784635490771607,0.9540158041191871,0.5110047635445869,0.9138147983362125
0.967812136991523,0.8471574570031077,0.3097585632586206,0.19621565117029527,0.5481200649818184
0.45301475038018846,0.877758342192733,0.10003167106715372,0.2577400613115186,0.7517989445187085
0.09498664497731213,0.3207644140217002,0.38715539405398314,0.62259379656269,0.15813264571936458
0.8606044903497095,0.44754223546627425,0.9170217118805565,0.4678699136339316,0.27504025894073336
0.14182882868767488,0.003745094711284813,0.5321574849848356,0.10715669692692342,0.3917277636311782
0.5892717612370867,0.2756858969027003,0.17522429236611525,0.7747216226093416,0.9467911722816206
0.100440417861966,0.15559032438500786,0.9600126572527187,0.03778422181224628,0.9776323365504722
0.004644483084988771,0.8736686556513313,0.3073251809877495,0.9385888581772965,0.31694528863558546
0.654306321534056,0.08003256976593665,0.242329811453739,0.7736793464792507,0.5286858536788197
0.9279690617870447,0.4287514083413543,0.8698123658139231,0.4489554374782375,0.9792482787019853
0.9598343813988768,0.3291367055560803,0.8859236704168032,0.8476113742156492,0.21068039732756283
0.6242904007832697,0.07268231558981486,0.8367107205834616,0.17454588350349654,0.07081470138576451
0.4002190955388112,0.5769221385996435,0.854916958559771,0.9742425255217365,0.43949251256986366
0.06044692298527021,0.7491155790258707,0.5651732562239374,0.44789134484446314,0.30926887879218967
0.5023985278435357,0.33867960445703094,0.7570118677473603,0.5438936964926411,0.876847774154112
0.5435439146494421,0.23826241333993003,0.8510918822321445,0.5572190449300439,0.20684103814356125
0.6235078099562221,0.35771676494242755,0.8444056122920658,0.4532997386465428,0.7264413581074167
0.09553620763623716,0.3960243463023462,0.9832414364723987,0.8084602894771483,0.15994080236692865
0.2777640494772551,0.3298158088563611,0.6503655604954457,0.7569947594896556,0.7495266088079098
0.5098740563064028,0.8108205378381512,0.43707808275747506,0.1238805652955619,0.5644418416538133
0.9523013846011067,0.7929936513925113,0.5787006476922424,0.6468056603490969,0.9305620270355727
0.4283427944349605,0.33139413894263736,0.977241565000449,0.8634431335103334,0.3230435846186024
0.4637805973609228,0.41507812900779906,0.14909567867143392,0.9578193238132591,0.4043124312197588
0.875329082637908,0.18935622768066507,0.5478708106372198,0.02396138512426982,0.7642204838423086
0.5809138982462784,0.6255895834697527,0.05172088255465346,0.2110383302086154,0.07433087235358016
0.28891431580381177,0.627439007682151,0.5661859843173752,0.6121498216133903,0.5492512713778943
0.27302879567585936,0.24450749734442523,0.13705968353658127,0.8490708749034921,0.6164793585412445
0.18651101250405977,0.17720937982123952,0.8730356015261367,0.7427308637633193,0.6593990799053714
0.4068641075392998,0.26197556427851754,0.9794507631128238,0.7972395750228002,0.3017792231362765
0.8475647962784947,0.7589319486146815,0.29708054987799837,0.4265528542416397,0.18595344539102665
0.11105244437810935,0.7227620328396968,0.2675118573538666,0.8200593657462536,0.9956087115144261
0.07661981392964867,0.47303512508370027,0.8020625593108031,0.7889508965412335,0.7599971583309685
0.34899493530191095,0.4538532556850523,0.5949683573414702,0.9739405835732572,0.3275472709384929
0.9231438877168577,0.2693569181804941,0.9890744654737046,0.6702636868275917,0.46351148035855094
0.6133904280636049,0.2725311690402068,0.2741738575114666,0.11355454384349384,0.11405029770539876
0.34767174146891133,0.7628554778963716,0.6079711675981625,0.10258456033102081,0.852236524975911
0.6013676269900664,0.9608555767847797,0.6701854674112075,0.175174863704181,0.47378336230782225
0.6484975975472042,0.028264701049977692,0.014910264154807895,0.1294030005985679,0.25166443504547076
0.42954912352067554,0.4874404737597884,0.13802760893789678,0.6733915791158308,0.5961380616965348
0.2944640988411602,0.013659883435292008,0.07764791535329074,0.3916947755108394,0.15397435116568392
0.37681960614797083,0.6281826045103551,0.5472374278792835,0.23117588313739423,0.3438224912587524
0.6140311984486506,0.8608550280434487,0.7532134387388773,0.5534000268334149,0.3622929983164862
0.36505127754180544,0.8794173102643961,0.0392435760405464,0.987982644420261,0.6643754108515623
0.6811376990723905,0.037997837304742155,0.6055292748912722,0.484778060090447,0.10577890689406699
0.2779220107693591,0.8903144562136512,0.5499884158659529,0.41341657517390873,0.07268215584081095
0.7141215274023056,0.7028508233960326,0.6140436069725635,0.5102626462206492,0.4337844022073727
0.5932710929879923,0.2333954517284067,0.9412590641776477,0.5887945291802296,0.31119244435437654
0.4496798508851573,0.8056847888768923,0.16161606073029744,0.2928356224602604,0.6795080227365554
0.3154892064822239,0.792501681861466,0.13045348717736083,0.7626861704546085,0.06835171485056624
0.012592612667494785,0.8982235188321621,0.5813392169322986,0.3518268970868115,0.2325946369638504
0.6168857832608161,0.5090021835367382,0.9915977755299852,0.9832159866537458,0.6350245661416096
0.4428705061058905,0.4911409691346621,0.6824790662368619,0.10157454423538137,0.3283520738107182
0.07527224100360386,0.07336075951691956,0.19583924189423374,0.4852532545932269,0.7847743211627893
0.48549589116587255,0.33547661056086975,0.08235299033675814,0.5502955231831296,0.27126858648317675
0.6149341779171474,0.9771877391324183,0.11131432147755016,0.21212539872193992,0.47309453809937474
0.9686138153459295,0.7718097762699956,0.8982291931628301,0.3337148484757929,0.9920384737785946
0.1028328160641574,0.05297290604610083,0.8556026270540281,0.9272648702069862,0.09058535754610175
0.1134274267458415,0.033174157755773814,0.1045075626427241,0.20941981680028088,0.970076618910001
0.6678602222396804,0.7785530255185421,0.7761394036915221,0.5350737497792146,0.7974889777130172
0.5958075323899696,0.3145460976033576,0.5611101087684007,0.5335085861345135,0.8234530537593207
0.981727217381659,0.41104256542093054,0.7633906784413597,0.09976300403813354,0.7768313694482886
0.3714169119932321,0.039390162889686664,0.3632461785621772,0.6106427509216448,0.11925016768146657
0.9240344924302546,0.07767241327283858,0.9300067198331662,0.7071375179356865,0.3297121754142036
0.3907503477090932,0.7408093647327442,0.6014711008812074,0.6716429214549452,0.38916461651348
0.487813481807599,0.9898674840378934,0.2139228704997177,0.4178561865221314,0.2918231875739673
0.7651115104398498,0.7640126256657207,0.2924454609973959,0.0813903166329829,0.011432676672204045
0.4274505332424855,0.4103375943357709,0.9883898786398629,0.4698020756976796,0.25641836957542063
0.8912294410314674,0.4910679496535785,0.5991756352105778,0.09566871042821268,0.38291640732977406
0.9442236744737867,0.5895053841754254,0.3445018551424617,0.6256671806315931,0.9104110895781161
0.27399060047259005,0.5051167184706744,0.9586906539117553,0.17239614329845265,0.7196639255967116
0.6144810082029823,0.6796751311406348,0.35121963066756967,0.31387937348376493,0.6842096705883705
0.21554328510454535,0.4196547448590051,0.188174646052918,0.008304841123329743,0.9700573600380694
0.43170297865641905,0.9693496144198253,0.1403235197678261,0.587366779457486,0.2009740327912396
0.7900741269632747,0.7837029887609752,0.1126071490393118,0.9120644528763892,0.19462964720322462
0.6129773415893603,0.985633620087704,0.8823965347663638,0.956563928561169,0.34259877121811944
0.10557564221946336,0.1883468732894501,0.5004948950766138,0.7932296782733221,0.15015364418387522
0.6597315322607571,0.32357760403951186,0.3412020723921535,0.6619177301579263,0.4669994195332202
0.8120332930259939,0.15591850966282705,0.7899482697670385,0.06423524805742087,0.194053880245605
0.6561497145031654,0.8549256565110712,0.25267962773934904,0.32719160582891293,0.53712074828674
0.21157280648930232,0.8111562615875056,0.7736366450057608,0.1452917119657816,0.4638297318166321
0.7748277666546214,0.3373295311034148,0.6331068227177317,0.05021312145757273,0.608688760529318
0.152652980000607,0.8305833251144513,0.35544946358047846,0.2815538627281957,0.840888976711485
0.050144023071810206,0.3966087993343448,0.3700035405750314,0.28480037424955085,0.911754332001477
0.7509283935167222,0.06392316419193877,0.7146874494349541,0.527299133128794,0.9008678944015792
0.31294561734835846,0.5741619996095829,0.500755274740986,0.48956090622760573,0.45610539951721263
0.20562947553228128,0.7557099224923928,0.4513360327392887,0.9585162750026057,0.2608084271927763
0.6827438396270411,0.9407170796391084,0.6634583230160925,0.8712729076173946,0.8274809597570061
0.36011771548900384,0.6001239399394965,0.1562613398113556,0.5355258826955995,0.2304219718143372
0.7437368149524456,0.5280584218921246,0.4112273626316605,0.26879709616697756,0.9986984818412868
0.07171052088493268,0.04356068057242002,0.21725740049386455,0.9710724586278197,0.9792381683199844
0.654927734772136,0.8801066672064047,0.2139617308407954,0.9720420941766236,0.14278485013956466
0.10112518818165828,0.1122115392472729,0.5731279232725647,0.7809744007180524,0.3666671778746331
0.9778959877861265,0.43442013811832947,0.15044855077321628,0.4659667481861367,0.6790371654224399
0.8322257805043787,0.4587682899565929,0.5936068260491675,0.26734471215885336,0.645916526405514
0.9859719439503437,0.04905357258779386,0.8865306707051678,0.5622825027675228,0.25209865956229993
0.9548897100092579,0.4833543030588989,0.3316902516733856,0.18149762827084115,0.24445221025666208
0.8328490415914426,0.6144100093171658,0.9132456194883161,0.23196845215778583,0.12113857384890148
0.006087530975590005,0.5078620376159938,0.9983069303819881,0.694965268818639,0.30839459196514607
0.8768585830261717,0.7817222659879597,0.015415166076539255,0.8168604805410224,0.300526757238496
0.1496734645836011,0.22633083973707457,0.468579804375139,0.424867927068011,0.28888729937422675
0.1722183222070327,0.7622307896421693,0.9901097837349171,0.7777915804196904,0.2959369676715412
0.24480896141213337,0.21766587606593824,0.13669507448903628,0.5513305496923012,0.6054003719533442
0.7055026606631373,0.680213370933668,0.29233331128338247,0.33031100539684655,0.6815145354423379
0.34944764078362833,0.21262318961931304,0.37433615369673956,0.27208415757797766,0.0883127212185778
0.8301389022766535,0.8531113891570363,0.21975030016687946,0.06477219952520175,0.7388274373511795
0.2115286258634137,0.39343548943686024,0.06413525223738326,0.22626958475843517,0.7929022783296358
0.8043964469152018,0.2070848248877104,0.33591384510668953,0.13423841909374357,0.07417263028492238
0.9921717144484095,0.6555939512448392,0.5420965091983188,0.7654985004052995,0.8400771596877241
0.8067147680447275,0.016539449289876607,0.18680789819049848,0.654905302117831,0.3757593478039629
0.982482651061107,0.665404792638254,0.9565489087292065,0.20144648164579382,0.8639570281150231
0.32135230581522534,0.9895648082378068,0.1576886720731473,0.5163398188383266,0.792844533837122
0.4326424806040359,0.4680840601876467,0.986355795505741,0.4253081503011533,0.6040721005990636
0.0545396606751507,0.84221008021026,0.6481680489795435,0.40402010286281353,0.01616953995451975
0.5916688205935039,0.012657828484162192,0.0012036139090179088,0.6160985621493547,0.18901706733455426
0.1918875497180953,0.6532715658327437,0.05369718793937428,0.31340556147455634,0.14943190214201907
0.5801763697965339,0.6617651547273958,0.7211358535990435,0.25523121691856543,0.089249751636584
0.07868365694189783,0.4261515484507238,0.945844409062715,0.2177290342470246,0.25674160134154933
0.10088880210585893,0.6055702738939303,0.6798728739471749,0.64293120816076,0.8611302430447813
0.48642583502607173,0.13445704076706444,0.28940513070441265,0.6624299734213518,0.6131219737415599
0.5310031297429625,0.6829644186886872,0.6373908503732993,0.8813248894649517,0.5860163774782966
0.7786013587005565,0.24870715596646786,0.678182584589068,0.9021941183826757,0.38573232789983325
0.7791041873386466,0.7247893011954354,0.05952619687182248,0.5815083096240723,0.13018934920080238
0.9673191722305912,0.8114075027006562,0.10972380124712011,0.12175199764767841,0.594473854912619
0.3448891741731833,0.03490585907310928,0.5416415078330531,0.3878450996858469,0.10107649237174265
0.8019203922559827,0.915076765278806,0.75659393401413,0.8224223100162773,0.21649056726611737
0.263572950918601,0.20852754029918774,0.765063431365564,0.9479170789344971,0.7168372067339026
0.881466764879556,0.6386990948831726,0.38765990055879906,0.4257616149303052,0.07532143216740483
0.03145719524602608,0.6954756041890774,0.4384288920111806,0.5522150680546295,0.5576612476224163
0.2773758133333014,0.4758925108294907,0.47076022166770226,0.388427221227857,0.8206753834010705
0.4511640036875959,0.6036445245059878,0.8955201203808261,0.8662336228589225,0.8904222037791651
0.27000499646501397,0.03498248830806283,0.2610667998953292,0.27870734562070865,0.909360326724968
0.6492427328379706,0.08170395960222876,0.13537859601110114,0.1556761255419754,0.6304217481689232
0.7354140255070031,0.8596439105653961,0.9406365508062431,0.20170455738644177,0.30977248472404906
0.24032288074483066,0.35876156746613774,0.9146651074237494,0.5751125669393615,0.7381918973244991
0.490119236126782,0.02885791333612453,0.06419548599781433,0.5379230312678858,0.7187890348200257
0.2153305275287315,0.721909573992304,0.8106657734835124,0.4118974783621112,0.7464192328441049
0.4040299503284599,0.67835062945502,0.763997049319543,0.9919266183081108,0.3453966620635961
0.41104078057461146,0.16562005941017133,0.2040730584018069,0.6933950025983777,0.9170455901544761
0.39460495166124054,0.17984444683554124,0.28509949938299406,0.4550517048081386,0.2906503293653684
0.23357908312186626,0.7359844887570796,0.007844921240623193,0.5392305273364831,0.7937668070297539
0.2662282863174682,0.6032915106120174,0.6689001056186178,0.65502469640509,0.4458496341987177
0.3465779878757792,0.8359240730278135,0.7584459569998643,0.3212551734139125,0.10301919444220609
0.07180754544546919,0.09427597789893605,0.5828693611920428,0.05166217582898969,0.3369268749640384
0.7531997019142294,0.2943481665153781,0.7633080771801298,0.7454670382070553,0.24582713263321632
0.7288221800927455,0.7477766382721007,0.39745392566702686,0.21042048374151823,0.5212708068918691
0.9213975880001963,0.639616732432062,0.1729224976272612,0.6827569247335199,0.42720302728183457
0.591528797355373,0.7340640350231079,0.5149473515144448,0.8139839745733086,0.7221555793166278
0.6150733400185107,0.1507928158323515,0.8359491109115683,0.935905585319816,0.13696512380929482
0.48824112943343057,0.2588887419705045,0.7545233074255646,0.7216296360047,0.1408851205703987
0.8770272712616372,0.18097306397800228,0.7972590256481075,0.4569803596280049,0.32827229355815124
0.1582392626742135,0.1676142561466294,0.6618905547009003,0.5504303879471205,0.1220854216512327
0.11269786043832519,0.07231057477279146,0.7437673473735441,0.7118820852292892,0.05843099085457515
0.560270075596973,0.0846761552426899,0.9037457706089417,0.9071174191801324,0.6982329898131301
0.92618892143945,0.8114530304136905,0.8285385759270494,0.5697078505699332,0.3060591982161759
0.21779911511642158,0.3272000220389292,0.6284954300890621,0.17265653583239893,0.2586402366373216
0.46806086279546444,0.23305009852461556,0.5886436697160616,0.9231760284563298,0.7480893657031265
0.666426614148913,0.5827214759837788,0.4879479092570649,0.1865638596346597,0.8947104554268656
0.24853600201283632,0.09130887757816075,0.7500151792286952,0.1756155343311664,0.371895999541176
0.028284928290979727,0.13706794254044807,0.17320363075991208,0.05441012775017795,0.6566569566228452
0.8370077958031172,0.37331540636594096,0.8745764767182007,0.2133465745601265,0.3253904235612395
0.1507369930311684,0.6205591954189986,0.41986959087030684,0.6132833468418987,0.7616749053941836
0.5457030160329485,0.6276303549017879,0.9352503143943329,0.2990643096088431,0.35916393863395313
0.7177033617093369,0.6113055170553867,0.17853290453971482,0.3761473100104902,0.46783801312471496
0.41938983796838936,0.1782748083220408,0.9244300917842623,0.7623187616939758,0.48135583210785227
0.6800610283068366,0.8972826721355218,0.13617414236157122,0.2503730507069777,0.542701247256645
0.7990103713523586,0.03625489544152738,0.9840181501963605,0.45490660288239715,0.359231140621723
0.29272443783977187,0.17435670765087163,0.7915739089300279,0.9554141647460965,0.4136447548453982
0.9524206947534563,0.8237976154350342,0.4810511274763183,0.6740261791261327,0.43498417917046295
0.5587234082125524,0.05804633701850381,0.6962634753005331,0.05282464448413671,0.8170849469196495
0.8249469294605575,0.2370772875562146,0.32366278103580026,0.4813103785582933,0.5966629069324815
0.2873536617419967,0.592486404631925,0.29778707322929887,0.05549072107106068,0.0025275498319089484
0.1011510579184286,0.7922507001640182,0.9614313123833371,0.42696619928121926,0.5126839534499428
0.14684816907342613,0.551031352680157,0.14465490200697684,0.6112143311988301,0.9332586675808539
0.1956985393030396,0.764563718057102,0.023502422818324042,0.375497241321621,0.11074850783050905
0.35247544159569943,0.1735369196388835,0.3733049901228874,0.41752280610753034,0.3005911227809184
0.6566219494731291,0.9188520512589097,0.40059537410527235,0.19234315647502143,0.27072275819598335
0.854000823496369,0.5716397232701479,0.4550110323069573,0.1496367215089267,0.44972730832378194
0.27849200335738666,0.9431631278533492,0.8840701094157313,0.08390254182819801,0.5166534892612429
0.22505834551467208,0.4107770895242906,0.8768479982514564,0.5275145198885448,0.33421529337075984
0.20788835410499706,0.8003248594064892,0.6245180153643471,0.4680654604262312,0.21748435386297804
0.3342463741571313,0.9598434267385185,0.5200899376058343,0.40069928124325294,0.5214220423483239
0.7789885058996087,0.3401089365028688,0.17870612093260885,0.5849361183390478,0.6652041034810672
0.7127180029585496,0.8819875907661296,0.37117412068911304,0.0753548962288918,0.9583485836309422
0.4350119274374752,0.6232575096731313,0.6663053231282923,0.5465137087012035,0.2052575297362701
0.7551430501161415,0.8037519743040816,0.5529755860174398,0.48856116058484156,0.11393818312798532
0.08395166149978384,0.3395648455635287,0.31084615551739325,0.9536564509632712,0.7836227424434298
0.6599242952590599,0.5176480890176051,0.16736753072665134,0.9784566721842839,0.37504069824021
0.1069256024472448,0.4937988957157461,0.8739980116130832,0.8872910017773294,0.010965916056447256
0.8862957447513997,0.2714842174998585,0.038972363968423074,0.8477902703628744,0.8638667559882083
0.59623107984235,0.5744337572963584,0.8131202726214194,0.7863095527102798,0.8901054734427041
0.5527474475967035,0.9676470927328087,0.9961468309333384,0.11654460999863259,0.8495437595541221
0.499822257748589,0.3875663382998321,0.613072309882715,0.055965557262007026,0.5064611187670799
0.8708905700266667,0.2134615161389688,0.4263898947694251,0.9394808877148755,0.4285638378056973
0.3583676323323983,0.4405366481233782,0.5194527665175563,0.6319913441314688,0.8006928009167311
0.45210220576431426,0.8174809350901403,0.5337206613520806,0.33848051036797766,0.6579508281194142
0.7177222547434914,0.5580489756294875,0.05661497313472341,0.1698828751608249,0.2852977208902282
0.2826256059514931,0.6734208002468706,0.018348661673632582,0.7556817770495199,0.2653424748069332
0.3100218462161024,0.5279098279439243,0.21592560093895752,0.8844713135755276,0.08536877932656528
0.44438236230106487,0.84942226945489,0.6158438944212358,0.29232951584263345,0.4207602077764607
0.7066943803425146,0.9732607433638993,0.8931387183794335,0.3424328083823768,0.9981978792878575
0.003504663531058272,0.02762975580841509,0.8238405151711938,0.19946268683305202,0.06076926839624086
0.23714807323650222,0.4261001539808602,0.7305662704334048,0.6243355265512055,0.23762121756042043
0.5032704481005844,0.9262141053985687,0.8150077769837577,0.3231897848317934,0.9822645613556963
0.708620400435131,0.06244935566678178,0.03516071328863868,0.16840794901002998,0.7278558680501468
0.1837389258424279,0.5114867692088335,0.09326012018083174,0.9208861578301951,0.34396061358356755
0.9081320565606308,0.9448756419105443,0.006128647313680791,0.46413518719873204,0.024656055706892888
0.9086927663029059,0.5184075447345758,0.07494401269849682,0.11027672827656687,0.38350902449273905
0.9402341928728895,0.6929091515680809,0.8676188661891324,0.36645664633997965,0.04321369954999832
0.9743176372044141,0.017172990662369547,0.947651653081089,0.3686774238491447,0.010090405021881521
0.6891572317245083,0.9805403040313542,0.9656257228375925,0.16093701120241843,0.18124780606615498
0.5655389146196601,0.6373048264283244,0.7394179136658656,0.1810503604721475,0.9590070867644345
0.6387392562892379,0.8470469188705548,0.5400657152841718,0.4142768475898826,0.977182906594996
0.5821213708198361,0.8668735827991789,0.9532923963662899,0.6753546270086592,0.548938678518675
0.0035108509106506203,0.04001964073900599,0.20085121605111633,0.18600843185599525,0.25475879519984534
0.3049346376976608,0.36006549355072826,0.42053769006887654,0.09886633845601467,0.04236193195278204
0.6739444490730234,0.5373348248430777,0.44414420222011963,0.6344399411683523,0.8276794072035405
0.4276929091162046,0.6411194650519794,0.9535722238351587,0.8396244958615607,0.42600081050240945
0.644716837814743,0.17707092191593976,0.5605221848950899,0.9813282911384428,0.5183151152025223
0.9276382991901473,0.4073349205032607,0.9988448271846312,0.5792200352275578,0.042268994235934554
0.5867547966913881,0.27457269567959663,0.03248132203589471,0.8208533046946633,0.2757296369807559
0.7965485540464985,0.28821758295586697,0.19432635387377428,0.9739355741044274,0.36164532775501956
0.6013762114431604,0.6099814928144716,0.5604734821735018,0.9146957435212146,0.6744410713668685
0.4037330041049302,0.862380384524274,0.1810628991159644,0.5442367576104175,0.9505503719437564
0.6253976298804127,0.8169684504748762,0.6535607255451928,0.8393708635378904,0.9444878798452436
0.2729217275327368,0.16966108125671886,0.4839907503325399,0.7018624268242158,0.2271912531822161
0.004101450430167075,0.34293511583670533,0.9688593354677885,0.6949674606058467,0.40132544394122394
0.19257609734684034,0.356089673754747,0.16983943330124796,0.10630582131295141,0.9067423725725539
0.9976503383754736,0.1641144395957903,0.054522558878279725,0.32973110714621234,0.4616591807614153
0.20482124707585447,0.30142491179855846,0.2008707356916577,0.7742605684324513,0.7125779432472608
0.6349515157609817,0.38721785707920475,0.909040941314236,0.96953254153502,0.173639312625412
0.22301264141187804,0.5256310280003696,0.09125056928224529,0.4364483988231128,0.5817912647777101
0.5220735711373331,0.33090858307802606,0.5424458060772068,0.9588009542588478,0.20601740429137605
0.6548313583940036,0.04339669415605185,0.06641640448143493,0.551828224223585,0.10493918032794947
0.022346788426857334,0.1715129976480222,0.5648491709995744,0.7033409545189324,0.20247856414138
0.6682594372081745,0.18247633109922934,0.6134574266312571,0.41195967989579885,0.6537995093336167
0.9950527524792473,0.937816965232562,0.004281757836103628,0.8854387643623057,0.06649079517476653
0.9530465861598449,0.2818256790996847,0.38203483041127095,0.09163820517572785,0.1122727583289096
0.7267405652293196,0.9443322357482916,0.6107484949543095,0.715850015526811,0.7619697445971535
0.2628142745529417,0.045229630920214925,0.0018727439191685846,0.35064928295401865,0.2414642281992161
0.062317725049185646,0.17952829249366675,0.1244988982679478,0.9148783806173704,0.14026721345916893
0.5376484639876792,0.5931059551121646,0.5434894577086338,0.09905643421598798,0.3187983617505512
0.05127033246315327,0.395669914096316,0.188598931271592,0.5616325332843798,0.6928083938491005
0.5321198602047065,0.43423669661139574,0.3873334208566924,0.8416917680970037,0.21936806506527007
0.7342183395288688,0.757482324740119,0.4192000072707345,0.29730059922563934,0.47054148604597523
0.0932139258926985,0.04593003222908998,0.11160319945189179,0.18714503146222616,0.504176820338043
0.8491366361611221,0.23564233199968698,0.9351620107467781,0.9549079089350034,0.9589046048452052
0.8375627346763238,0.3638250407977206,0.07268391100262306,0.5688187317664949,0.5586814439372337
0.8499757671095955,0.9959910509461052,0.5081573065601476,0.34520403103978425,0.185901711556267
0.004799824817370735,0.5091136924888792,0.5555186667025958,0.8249384798173974,0.5045769678928006
0.9164683486660565,0.6280834765714355,0.8403362382210832,0.1483017348077471,0.8553361303023147
0.6751438544438484,0.17023303243833054,0.18976355814601087,0.9265006190442213,0.032215360450372876
0.4625349432957061,0.31347528993410156,0.665077439998428,0.839629387568992,0.36037812155656956
0.4269020873228372,0.9819177845014142,0.7839165096792028,0.8972041309317914,0.43876222065162973
0.23407620398411522,0.4118634653864517,0.7160919178315135,0.10943040483597932,0.27046910561650883
0.046635900461590385,0.43234773833813156,0.8274457359796132,0.0246636882980108,0.675323526807166
0.9324958745137396,0.23692786151118228,0.6936348407276481,0.9751019011002003,0.9622780601524632
0.23492919302914328,0.1003310532120687,0.14828253789591594,0.7020356684821422,0.7257588754532756
0.674236561628199,0.3360783877422381,0.16977693975812214,0.5807610919522531,0.4836804457578665
0.7288341471223034,0.44136007868562144,0.3386396946864684,0.2934785773590144,0.21147032004974653
0.2657463761866614,0.09483043884410136,0.34685701092888954,0.0365698123629582,0.1864138471663268
0.7467704446194291,0.32546898867662266,0.6682370169773438,0.7168841755972774,0.5811853427321135
0.9586977413653984,0.021439866623113257,0.7386526505881421,0.958786643940408,0.8622717293529393
0.16789269180501332,0.3268203062517321,0.1724518398764654,0.6013083638147041,0.7121879819794923
0.3170737693630582,0.5395065739842955,0.690920570071195,0.42133981661104836,0.8540155304554593
0.7715499352878171,0.06466554385057066,0.621125299090829,0.2353255509597496,0.5575182646672753
0.9568884426329662,0.8790620045522501,0.4045164031151317,0.2915138583443534,0.234405744408259
0.5325148697565201,0.11424845325805633,0.5492750081282486,0.0013336394907920157,0.32384963074584483
0.21993431383058126,0.971218789960782,0.727242319569979,0.3496533804622377,0.09284508653062051
0.516800594690624,0.2134478813260423,0.5364295458983578,0.8353623541788925,0.6157925521013854
0.6337884195450022,0.5410302890628115,0.9272656326314092,0.9319026844206033,0.5127232010735522
0.3057594871435044,0.4595870058794439,0.18655791219561568,0.6363443153180893,0.5000923357822332
0.10330047781327989,0.19764778111961534,0.4796319561995268,0.8875889907188583,0.5663907206310974
0.6815350002084708,0.3390285497439097,0.5714113930442343,0.4473798226380674,0.6591299126231607
0.05057556607901037,0.49330021623895914,0.29599262514396696,0.32618506127790925,0.9609174315580614
0.18269481271138277,0.3112452525785969,0.5098925757308718,0.8630269481496237,0.41667008320637045
0.743865280888171,0.8563740982148024,0.31001635582184894,0.39275018353870994,0.35655622368835627
0.8328558086179211,0.04434686195360116,0.30842108882868,0.6794085575951299,0.5654434995653427
0.4362893592936943,0.5399482272213844,0.19758458582831828,0.4307166216080104,0.5017029841763491
0.9011891219546017,0.26083516280397634,0.8678285021649326,0.6442414008259819,0.020340831067600984
0.7246313368993936,0.03555187754905509,0.9973811268138131,0.8726366876911978,0.29734374754004567
0.2574112301967054,0.3814410821056089,0.35616696531444303,0.37233781838538105,0.3182765461194804
0.6211334068483314,0.16426366372062395,0.8459812924460132,0.8124024840313153,0.47648320785527043
0.8527299652785476,0.2471450700302933,0.017565455703966948,0.619207925029823,0.4579094069647154
0.5671645462958707,0.899339409018403,0.9699255735659434,0.634453139755603,0.7640555898524384
0.08380843348716427,0.16071558489150561,0.7332048049529766,0.43136545638800194,0.4459652704044057
0.3086076816354366,0.6073563834777438,0.1851650454162026,0.6269162793138956,0.17379885713523968
0.0638260347097136,0.330357688699061,0.23114034200984768,0.8889916385563323,0.0549534538686266
0.17661369257412285,0.5487196055830494,0.4810671908474736,0.04585201837470154,0.007252428015144474
0.9880679419611499,0.6588347003588382,0.3654061309015568,0.4704322476632413,0.26655012045428694
0.34487378369320976,0.649044467268214,0.8828117988673707,0.18413002308118487,0.8403615053853187
0.12155662951826907,0.2149922235883912,0.03717528804964598,0.14081186209299945,0.9173031454640506
0.4594387466183786,0.07766586177835355,0.9597268380389613,0.8789923077586501,0.7546825208681412
0.9334727919475578,0.22012942083576414,0.8363692930100863,0.6899911963543062,0.8697592495676884
0.7969115657426298,0.346495063176825,0.7743985370172556,0.2624563029848903,0.32859216302805483
0.10790571722297615,0.9350766159804688,0.29100336340028155,0.5206224651714518,0.39133283646619266
0.9599281205835015,0.3350491709384824,0.778545821422689,0.85541615463118,0.4356064974809659
0.37817181445293124,0.747745820932628,0.9128959803062341,0.7549317330722383,0.2271263655918656
0.8883077474377054,0.3875816674368331,0.5762294117779343,0.831435619292711,0.1883947674004922
0.7845101356775531,0.5961627979106775,0.8933416418276082,0.17197040184354295,0.42068223704092844
0.8328430928668374,0.019231703456760174,0.11220136676564285,0.9905652127567347,0.28039417859035054
0.9755431937239534,0.1825315510086739,0.3610944430073356,0.7528694445035706,0.6577784072381785
0.5811223999290556,0.5298991758050076,0.8434404436647402,0.23494856283339272,0.4424709269935184
0.15545229215645728,0.5959415957307044,0.2505444242713202,0.3338420643433858,0.47125071662352813
0.026770585703127847,0.09193793592083765,0.6859292207082196,0.42896998071750725,0.8647902219998954
0.6946720036441995,0.008100941647322446,0.6167123307671348,0.09372486605971642,0.7809331797904943
0.991507688278502,0.5311987942415115,0.6827795001941304,0.23731416089475155,0.43759774375379357
0.8560953322363837,0.16742294774625122,0.2655356056137621,0.4454336752860302,0.712248891844014
0.3758839547956738,0.9277322797830039,0.09445705126871917,0.3708041975448475,0.7089541234284219
0.22598676566149245,0.656413134229673,0.16421695822734594,0.05598028486168638,0.12101571674864886
0.9299847831341347,0.5517508829395513,0.796345775479649,0.3326545009050512,0.5926586478854466
0.4949521337049916,0.945737959402294,0.7475746360541103,0.730542631496579,0.04635326943427953
0.5496696690036911,0.46699145390181485,0.9278422666061945,0.25734198818953224,0.2698334532910943
0.4113462488815004,0.24336971340637603,0.1291839178087495,0.8574148466508008,0.5582765244039158
0.8613627189565668,0.8311347654036959,0.2820423547896711,0.547737444324274,0.08321770274007045
0.9152518840307584,0.4042627150651531,0.39367618388902137,0.3027553706179532,0.4606637447107038
0.25175938654544805,0.37485227279680455,0.7999470485848819,0.8342555035851719,0.30418247762851613
0.4690144305527879,0.8738197762800523,0.052673331829697134,0.8891449619957854,0.2191843456523317
0.6785392442143758,0.5825516963846002,0.5529407481892521,0.8593602247528214,0.10157214364466127
0.34702802532563604,0.5382527463447656,0.8112888539460398,0.2164430834116715,0.8029298413742763
0.39963848249393574,0.1889138564336954,0.7589864404434826,0.09089890147454782,0.5147673740754429
0.06387578386188841,0.35641785515778757,0.6010767990063927,0.5561155414872131,0.4046554179046665
0.4290479939721157,0.22676955335076654,0.4558825884241029,0.9532548557208342,0.8504529177837904
0.1452328690763438,0.02978078732092093,0.9335243127166306,0.5267497498807476,0.5378378231493077
0.7807179957065223,0.31468897387132655,0.48190756883600216,0.9686629131467376,0.6721486869324071
0.15374503199578593,0.1332267479843533,0.2042647583330054,0.7667116744207175,0.29537700384061605
0.021388846675079787,0.9441743635056619,0.16971341639491067,0.009558186148068581,0.23713160238332298
0.2350287871181337,0.42200525084572305,0.9203898315000368,0.8791849177790979,0.4568945549824279
0.4108999049918065,0.5550090864748513,0.24345401197176575,0.05218499196636284,0.9392241361712067
0.18669898487717274,0.1984007292457164,0.4724603288539476,0.4916133448403307,0.018434209700741944
0.1479547387739707,0.37815481856074173,0.6837306935105391,0.22841845683193585,0.42301444624176265
0.5573450647164668,0.888592494623292,0.3260705023271233,0.13355826586348352,0.4892722258976082
0.7467216016840621,0.10985975705273343,0.4246834916969604,0.017785141262483428,0.033559181647251135
0.4829533632166656,0.29819729815092944,0.8451072990054121,0.6021543061264543,0.45393296174299036
0.40793537105429634,0.49724548018956327,0.04043883121266134,0.8927933564206599,0.9983031557339583
0.18148712485869867,0.12038296477461974,0.14357746344859523,0.6610270582343671,0.6614408384507747
0.8479241622784109,0.7518263884262533,0.44968967336933974,0.6128553615653188,0.6882846703680079
0.5127364702852252,0.47565098445163667,0.6450974456426533,0.5574745489756537,0.6439423053359103
0.6128547739633639,0.7191965605136547,0.6428035087828761,0.5197424864372673,0.6817968112843865
0.44948196518542805,0.24167122597260104,0.0014182201339154599,0.5599641471458432,0.590655226608641
0.9720489647757143,0.36147833409427554,0.39413324282831175,0.20179958134219023,0.07053429523732191
0.7728044928617406,0.24968106433932502,0.6089048610300379,0.6877730355454815,0.4712366872916477
0.8763521130271916,0.44379484097972877,0.2849086230417651,0.8960155229616223,0.8615642842499565
0.164039947076413,0.02596101835392095,0.08998555634962069,0.28654739855381706,0.9722598017417107
0.558516153160825,0.3732617320292688,0.8887160946127464,0.45313633147849963,0.3152386284010211
0.9412195287456574,0.849517666192678,0.843668375419441,0.5122847430502131,0.789438398815455
0.17935335926455187,0.5732229575562436,0.9838459228475457,0.29095843051796166,0.7943523292476752
0.49047840720806724,0.03980568322208733,0.7630193978156674,0.1685691443921128,0.6314735671327502
0.0856641940469729,0.9468673974959648,0.2917238871803609,0.2264646916773949,0.1291364040663343
0.9460021933390478,0.7119037424413052,0.7416608887180887,0.4994045613802446,0.4747277852704834
0.11002124299147664,0.5598410955839918,0.24691649510879043,0.9771453328004058,0.7965809400151473
0.4129920601928876,0.15134125869153303,0.785331691138784,0.12205376708131599,0.1893337534970705
0.21152051774422742,0.5568906382730944,0.7870566539903663,0.3143148787246922,0.08466981427528941
0.4645384635244192,0.7481102411599355,0.2216638430873883,0.21992454803937422,0.9472270273467108
0.9541537271191779,0.9904657320615764,0.8076596015747801,0.18818416916794556,0.21198152079926136
0.340225241522392,0.31813253133349084,0.9565277490780091,0.7890739828816936,0.7240087921615539
0.18596322405813182,0.9095255593623296,0.8278703795061738,0.1636418413279237,0.8711703319609725
0.2722475363704713,0.08086974583210604,0.65682230651421,0.6538046593843306,0.09493200956561809
0.3188518089365824,0.9928144622555386,0.6784266670087369,0.7300751666033292,0.21291728560430567
0.07878207100391432,0.27690168974093765,0.24889838519319196,0.2345441007480531,0.19275432188703956
0.5747556906554043,0.32810347584182176,0.8203450150475304,0.183947417847384,0.4646270708685445
0.013657836426079983,0.48168232245519205,0.05583822087647439,0.9777235118726436,0.7905921286504128
0.4901114766364554,0.08658735817935026,0.5924454407904143,0.7587637507018775,0.1907172530047453
0.5682083407874908,0.814210898382868,0.7682477776463164,0.8029920178671529,0.8793234248697198
0.9376821021594702,0.40552115520353593,0.5687691025228773,0.7906595260456108,0.6971398139457832
0.9955202282643788,0.01367765110464414,0.3551332153157907,0.28102792627020245,0.2623158501655346
0.22252978249888578,0.7091238408152291,0.08475947327532185,0.7416088339433383,0.6934258420162734
0.2508041325008964,0.25283378316516125,0.6288605853445022,0.7621711054836778,0.8764856130873655
0.8521395638544758,0.9648829941638531,0.5813848953365112,0.9086555613403596,0.8085132732604108
0.8946676243140136,0.011626601285366633,0.965902991865811,0.4735301628464783,0.7981829895748429
0.12720411933778086,0.3959410958139741,0.2714606630209909,0.291658770500937,0.12325561995088175
0.805763832543007,0.00924231458107816,0.3125054569852025,0.17441054321641503,0.5890389406083405
0.25425240261454385,0.25899845452809966,0.4883381439953187,0.6526890393409257,0.12130470456516362
0.17551145246549615,0.2471747445945176,0.9737482141179605,0.39715249994292035,0.5989900906310265
0.24154281271597788,0.4904595251574879,0.07411917438595805,0.03474214592232694,0.4687335268214602
0.39865928751841206,0.13688031969182768,0.6876014289207337,0.9929034908992644,0.39564682119671246
0.6245586359173945,0.9629759423644857,0.8315349724468752,0.46355222330268575,0.7374894844599194
0.12813504025052402,0.5121038554637992,0.27906027717993653,0.1611636878961611,0.42628090625453485
0.13101455443361443,0.6989851081744856,0.4562400440533355,0.5311446325646638,0.146375938668157
0.13977166109349448,0.5834154352601241,0.9850097478294463,0.09625058323772562,0.28573142856578126
0.8694591165378875,0.07227201225523694,0.8758857213669513,0.5242859833747512,0.40826677392642585
0.30968056435145586,0.2971171581278419,0.3058025824494788,0.8848030809601958,0.7237952301747855
0.6697230078311506,0.7987491489520008,0.257114663004145,0.6180428120817557,0.46006623895795096
0.7824416352001934,0.3092561104732855,0.6431786168698957,0.8822124118173135,0.4021504761949287
0.06662208736746145,0.5160508223417928,0.34597248780702594,0.672225380547175,0.9510329247486061
0.485608317996847,0.46619023015553385,0.6545848001914603,0.10349750359356769,0.25350618892501464
0.9189793255003985,0.6699426133637663,0.013444043983416254,0.20462547255901986,0.682837266028899
0.7643992025625742,0.8398595726740419,0.2921768033820449,0.9310285962775626,0.5529468935778924
0.6965390223878929,0.596738862779908,0.12274005467462046,0.9631146593848798,0.12287557989415265
0.2548819564111836,0.8136278802229802,0.6185969615011014,0.838149165376357,0.5157361883740449
0.37699323536663487,0.9218454995477849,0.03625231751479485,0.8561302203530459,0.23081778518778162
0.8487363277539678,0.1391966134168856,0.5802189636905405,0.888107919011472,0.4735396468988905
0.7465666738033929,0.8046716178555584,0.7364942087167792,0.9253297368745983,0.44683423051992865
0.17312543916515577,0.047811063702479784,0.2464598696375051,0.1431975038802421,0.5579487414344805
0.184945337211732,0.03893370728937118,0.03598982886866786,0.8315694983648616,0.5914499314430248
0.35808530189337817,0.8942280427402469,0.0701966114077136,0.9803220727278259,0.616291790254461
0.18346425396884847,0.6790690989769685,0.7633812597835626,0.4293427833707745,0.8616326062455474
0.1507324072964703,0.27883758357760835,0.09349236158398977,0.21087784060735215,0.23872881191114503
0.9176331909217101,0.0781096887511562,0.42741512018770944,0.532398687226913,0.8986930538021608
0.9976962186612135,0.7533881149198358,0.9707909905690295,0.7871011325358738,0.9632026409714166
0.7072707259444552,0.07976342545107107,0.4019201869926765,0.6465972838024704,0.350718509454251
0.2733839181137786,0.577399267133091,0.9335018767024349,0.03498187351615356,0.7692312035414377
0.7227272780446271,0.9639534253882871,0.9307112223325436,0.7622325620441929,0.5204087646825987
0.20426755323351986,0.5452357183255744,0.7653519939196538,0.8956692126378931,0.7897120092105491
0.19526693519105398,0.5996863142280594,0.332173459531357,0.009205667390642991,0.20022093578866607
0.11322064993344927,0.8427191235394685,0.258506252147812,0.2846979688875555,0.9599365717988843
0.37908672304885216,0.009585640144394558,0.28384614834613653,0.11929958060181245,0.10280856173585395
0.07748729013574951,0.5932594701753773,0.18934772362985863,0.36124279404101045,0.8620177161300168
0.42433813979627566,0.9156913500516376,0.49793805339560626,0.39883661483975574,0.7503889270907016
